crop,location,month,season,festival,previous_demand,supply,temperature,quantity_demanded,recommended_price
Pomegranate,Baramati,11,Monsoon,0,7532,5915,20.2,8006,23.14
Grapes,Hadapsar,2,Monsoon,1,6838,5187,29.5,9255,28.1
Grapes,Hadapsar,12,Kharif,0,5974,7286,20.2,4792,16.26
Grapes,Manchar,3,Monsoon,0,6911,6777,29.7,7107,20.49
Pomegranate,Narayangaon,4,Kharif,1,6799,8869,31.2,8424,21.33
Pomegranate,Baramati,7,Monsoon,0,9645,3448,17.4,6864,25.12
Onion,Baramati,6,Kharif,1,15437,15704,20.0,8880,21.76
Onion,Junnar,5,Monsoon,0,15687,9092,27.6,9162,30.1
Tomato,Pune,7,Kharif,1,16164,15719,18.8,11505,20.68
Rice (Basmati),Narayangaon,7,Rabi,0,8663,8939,16.0,6598,16.49
Pomegranate,Manchar,8,Kharif,0,9670,7241,11.3,7620,20.57
Grapes,Chakan,1,Kharif,0,7928,10412,21.8,6870,14.69
Onion,Baramati,3,Zaid,1,20267,10937,30.4,14250,36.97
Pomegranate,Hadapsar,11,Kharif,0,7576,5433,18.0,8559,24.69
Grapes,Baramati,12,Monsoon,0,8194,8922,20.6,6274,16.03
Tomato,Chakan,9,Monsoon,0,13259,12233,9.4,10577,22.52
Tomato,Chakan,10,Monsoon,0,14034,12075,9.2,9255,20.77
Grapes,Pune,10,Monsoon,0,10173,9012,12.5,7281,17.4
Soybean,Pune,1,Zaid,0,3002,10201,31.3,5373,12.76
Pomegranate,Chakan,8,Zaid,0,7725,10003,13.2,6306,14.45
Pomegranate,Pune,9,Monsoon,0,9579,7579,9.8,6876,18.95
Onion,Chakan,3,Monsoon,0,16073,11213,33.2,8904,26.54
Tomato,Chakan,12,Kharif,0,16627,10423,22.5,10831,25.61
Wheat,Pune,2,Kharif,0,5120,9477,33.3,4338,12.29
Potato,Baramati,8,Rabi,1,13640,14081,13.9,9517,15.15
Rice (Basmati),Narayangaon,2,Rabi,0,5617,8141,28.7,6592,17.68
Rice (Basmati),Baramati,8,Monsoon,0,6080,9262,14.6,8714,19.18
Grapes,Junnar,6,Rabi,0,7977,7533,21.7,7803,20.4
Rice (Basmati),Manchar,1,Monsoon,0,7254,7759,32.6,6543,18.18
Soybean,Pune,1,Monsoon,1,7752,8351,26.1,10372,25.03
Rice (Basmati),Junnar,1,Monsoon,0,5317,2446,24.7,8783,29.51
Pomegranate,Chakan,10,Rabi,0,8900,10947,12.0,4584,10.46
Onion,Pune,8,Kharif,0,13888,13181,10.2,9601,24.63
Pomegranate,Manchar,3,Kharif,0,7174,7989,28.0,6899,18.36
Soybean,Hadapsar,12,Monsoon,1,10421,6122,21.3,10041,27.88
Potato,Junnar,8,Monsoon,0,14786,12284,16.5,7795,13.27
Onion,Hadapsar,10,Kharif,0,18563,11806,10.2,9540,26.6
Grapes,Pune,8,Kharif,0,12244,9081,10.3,7689,17.91
Soybean,Chakan,5,Rabi,0,7525,11180,27.0,4723,10.31
Pomegranate,Baramati,1,Rabi,0,11265,2925,26.1,9759,30.25
Pomegranate,Narayangaon,10,Zaid,0,8810,8774,12.9,6953,17.27
Soybean,Chakan,4,Monsoon,0,5931,7011,31.6,6736,19.59
Wheat,Chakan,1,Kharif,0,6662,4330,25.9,6099,22.65
Rice (Basmati),Chakan,2,Zaid,0,5689,10425,28.4,6430,14.01
Potato,Pune,7,Monsoon,0,16059,13040,16.8,8006,12.45
Rice (Basmati),Pune,4,Rabi,0,11741,10720,29.4,7863,15.71
Tomato,Junnar,8,Zaid,1,14565,16247,15.0,10765,18.78
Tomato,Manchar,1,Kharif,0,13954,15873,26.5,7674,12.7
Wheat,Hadapsar,9,Zaid,0,8648,6175,12.2,8202,23.04
Pomegranate,Hadapsar,5,Zaid,0,5119,7173,30.6,6300,18.69
Pomegranate,Baramati,9,Rabi,1,8111,6651,9.1,9866,26.82
Tomato,Narayangaon,11,Rabi,0,11837,13698,19.1,6863,14.75
Grapes,Baramati,1,Zaid,1,4513,9174,26.7,9914,23.11
Wheat,Manchar,7,Zaid,0,6551,1811,15.9,6585,27.16
Grapes,Narayangaon,4,Monsoon,1,9109,8333,28.5,10905,25.86
Tomato,Junnar,12,Kharif,0,9871,16357,18.2,5641,10.0
Soybean,Manchar,5,Zaid,1,9687,3834,25.6,10757,32.38
Tomato,Hadapsar,6,Rabi,0,15734,14024,20.2,7852,15.74
Rice (Basmati),Narayangaon,12,Monsoon,0,10065,1975,18.2,9796,31.73
Wheat,Hadapsar,12,Monsoon,0,5360,11079,24.4,4351,10.0
Soybean,Junnar,1,Zaid,0,8682,6284,27.6,7866,22.37
Onion,Pune,3,Zaid,0,15010,13617,31.1,8542,22.39
Grapes,Pune,1,Zaid,0,8666,5855,20.0,7442,22.38
Potato,Chakan,2,Monsoon,1,15827,16855,25.4,9619,11.15
Rice (Basmati),Hadapsar,2,Zaid,0,10117,2103,28.3,7377,27.91
Pomegranate,Narayangaon,4,Kharif,0,7027,9836,32.6,6190,14.53
Rice (Basmati),Hadapsar,4,Rabi,1,4593,6361,31.4,8896,25.8
Rice (Basmati),Narayangaon,11,Zaid,0,8733,4150,16.0,7189,24.56
Potato,Chakan,11,Kharif,1,12269,14760,16.0,10525,15.65
Onion,Hadapsar,6,Kharif,0,10708,14782,19.6,4688,14.86
Onion,Pune,9,Rabi,0,14775,12948,13.2,8783,23.75
Rice (Basmati),Baramati,8,Rabi,0,8384,10493,12.8,6333,13.76
Potato,Chakan,7,Zaid,1,21158,16299,16.7,11618,14.98
Potato,Chakan,9,Zaid,0,13707,10796,15.4,9126,17.49
Potato,Pune,2,Zaid,0,15803,17617,33.6,9022,10.0
Onion,Pune,5,Rabi,1,12170,14989,22.8,9350,23.54
Tomato,Pune,5,Rabi,0,14588,7805,28.6,9639,27.75
Pomegranate,Manchar,6,Kharif,0,9632,7917,22.6,9261,22.02
Onion,Chakan,12,Kharif,0,13473,8988,18.7,8741,29.63
Pomegranate,Pune,10,Rabi,0,5722,7169,18.9,4527,16.04
Tomato,Manchar,2,Monsoon,0,17013,12058,32.3,8058,19.0
Tomato,Pune,11,Zaid,0,11460,10918,17.3,7398,19.72
Wheat,Chakan,3,Kharif,0,10336,7136,32.7,7582,20.67
Grapes,Baramati,3,Kharif,0,9307,3272,31.5,9349,29.12
Onion,Pune,2,Monsoon,0,16105,14239,32.1,10379,24.21
Pomegranate,Junnar,1,Kharif,0,9374,651,22.4,10987,35.5
Potato,Junnar,3,Monsoon,0,18412,13419,33.7,10349,15.39
Potato,Junnar,1,Rabi,0,14896,18102,26.2,6788,10.0
Rice (Basmati),Junnar,4,Kharif,0,10574,5388,29.8,8060,24.01
Wheat,Hadapsar,2,Zaid,0,8827,11192,29.1,4928,10.6
Potato,Manchar,10,Monsoon,0,13218,7688,13.7,11624,25.9
Tomato,Pune,8,Monsoon,0,17410,15181,12.1,8226,14.57
Potato,Hadapsar,8,Kharif,1,13021,13186,13.5,11347,19.24
Soybean,Junnar,5,Zaid,0,10142,5043,28.7,6223,21.77
Potato,Manchar,2,Zaid,0,14328,17673,30.1,4926,10.0
Potato,Manchar,8,Kharif,0,16609,13107,15.5,6867,10.64
Grapes,Narayangaon,12,Rabi,0,7462,3734,27.1,7924,26.29
Rice (Basmati),Manchar,7,Zaid,0,7770,6888,22.1,5935,18.57
Onion,Pune,3,Zaid,0,11931,20490,35.2,4607,10.0
Wheat,Pune,8,Kharif,0,6343,8804,13.5,6847,17.06
Tomato,Junnar,7,Monsoon,1,14486,16061,13.8,10317,18.38
Pomegranate,Chakan,8,Rabi,0,9926,6931,16.8,8332,22.1
Potato,Manchar,8,Rabi,1,18293,10982,12.0,12085,23.65
Soybean,Narayangaon,7,Rabi,0,8652,3372,18.8,8264,27.34
Pomegranate,Hadapsar,4,Zaid,0,10632,2117,32.2,8204,29.13
Grapes,Manchar,9,Rabi,1,7290,7144,12.6,9811,26.0
Pomegranate,Pune,2,Zaid,0,9739,9143,27.9,6684,16.31
Grapes,Chakan,4,Rabi,0,6920,4554,31.1,6424,22.8
Grapes,Narayangaon,1,Kharif,0,7062,7817,30.2,8050,20.35
Tomato,Hadapsar,7,Rabi,1,11318,10301,15.8,10463,27.24
Wheat,Manchar,11,Kharif,0,5131,7953,14.0,4868,15.37
Soybean,Baramati,1,Zaid,0,6101,13081,28.0,4701,10.0
Rice (Basmati),Pune,10,Monsoon,0,8567,5798,14.1,6638,21.26
Onion,Hadapsar,9,Kharif,0,18310,11739,10.1,12105,30.55
Potato,Chakan,2,Kharif,0,14384,11853,32.0,9208,16.03
Tomato,Junnar,12,Rabi,1,16383,16715,23.6,11469,19.13
Soybean,Manchar,8,Kharif,1,10710,9072,13.6,10180,23.66
Soybean,Narayangaon,7,Kharif,0,9637,6835,17.9,7591,21.13
Onion,Chakan,7,Kharif,0,15057,13574,18.9,7434,20.79
Tomato,Manchar,8,Zaid,0,17038,13375,8.3,10101,20.09
Pomegranate,Baramati,7,Zaid,1,12085,7713,17.3,13234,30.28
Rice (Basmati),Narayangaon,12,Rabi,0,8512,6450,23.3,7298,21.27
Potato,Junnar,4,Kharif,1,13980,7288,32.5,12719,30.15
Pomegranate,Pune,10,Rabi,0,11159,5193,12.5,8624,25.15
Grapes,Manchar,2,Monsoon,0,4817,8092,30.2,4616,14.79
Wheat,Baramati,11,Rabi,1,9126,2669,18.7,12057,36.08
Onion,Pune,7,Monsoon,0,17276,12671,18.2,8606,23.9
Grapes,Narayangaon,11,Rabi,0,8937,7770,14.5,7815,20.07
Tomato,Chakan,4,Rabi,0,15217,9228,31.0,9315,25.13
Potato,Chakan,6,Kharif,0,19715,15845,20.3,9297,10.18
Tomato,Chakan,11,Monsoon,0,14862,13031,17.3,8265,17.85
Onion,Baramati,6,Monsoon,0,15091,11923,23.8,8496,24.86
Potato,Narayangaon,8,Zaid,1,15315,17828,12.6,10324,10.74
Potato,Chakan,9,Kharif,1,17133,16423,14.8,11575,14.73
Pomegranate,Hadapsar,11,Kharif,1,7259,4416,15.6,11074,31.99
Wheat,Narayangaon,12,Zaid,0,7503,5013,20.0,7652,23.96
Onion,Baramati,8,Kharif,1,15533,12497,14.4,11512,30.52
Pomegranate,Baramati,12,Zaid,1,7107,6985,24.1,8721,24.6
Grapes,Pune,10,Rabi,0,7040,6820,14.1,6244,19.14
Pomegranate,Hadapsar,11,Kharif,0,11131,6336,15.9,10433,26.15
Grapes,Narayangaon,4,Kharif,0,8178,9415,29.6,7324,16.86
Soybean,Narayangaon,4,Rabi,0,4306,5083,33.0,5268,20.28
Onion,Hadapsar,3,Monsoon,1,16005,17802,37.0,8405,17.9
Wheat,Manchar,9,Kharif,0,7683,3533,11.3,8036,26.75
Rice (Basmati),Baramati,5,Monsoon,1,10498,7729,24.9,10831,26.65
Tomato,Manchar,12,Monsoon,0,14920,9923,22.3,8310,22.58
Rice (Basmati),Narayangaon,8,Monsoon,0,7446,6437,13.0,6359,19.88
Grapes,Junnar,6,Monsoon,0,8516,7673,20.8,7541,19.8
Wheat,Pune,6,Rabi,0,10367,4848,24.0,8784,25.9
Grapes,Pune,4,Rabi,0,8391,3843,32.6,8827,27.48
Onion,Narayangaon,7,Monsoon,0,17799,15812,17.1,7729,17.88
Onion,Baramati,8,Monsoon,0,13841,16223,13.6,7620,17.1
Onion,Manchar,10,Zaid,0,18472,13995,12.0,8706,22.07
Rice (Basmati),Chakan,10,Zaid,1,5937,5177,14.6,10951,30.66
Potato,Baramati,2,Rabi,0,15076,13800,31.9,6868,10.0
Rice (Basmati),Manchar,1,Zaid,0,8798,8118,26.0,8658,20.81
Wheat,Baramati,12,Rabi,1,4876,11504,21.8,9280,18.66
Onion,Junnar,2,Monsoon,0,16305,9559,33.6,11034,32.21
Pomegranate,Pune,3,Rabi,0,8648,5771,28.7,7677,22.86
Wheat,Hadapsar,8,Zaid,0,5689,7298,14.1,5999,18.05
Onion,Chakan,5,Kharif,0,14065,14366,26.9,7793,20.14
Potato,Narayangaon,3,Rabi,0,10810,14135,31.5,7317,10.0
Wheat,Chakan,12,Kharif,0,5407,2719,18.7,8553,28.75
Wheat,Hadapsar,1,Kharif,0,10190,6097,30.2,10555,26.69
Wheat,Narayangaon,2,Kharif,0,7738,3913,30.3,8370,26.69
Tomato,Chakan,12,Rabi,0,18943,12967,22.1,10087,20.68
Soybean,Junnar,11,Rabi,0,5869,6730,17.1,6449,19.58
Soybean,Narayangaon,5,Kharif,0,7083,5015,26.8,7302,23.43
Onion,Pune,10,Monsoon,1,14196,14198,14.6,10560,26.54
Grapes,Hadapsar,5,Kharif,0,10010,5869,27.7,9679,25.71
Tomato,Chakan,4,Rabi,0,17379,10431,31.9,10523,25.14
Tomato,Junnar,3,Kharif,1,15241,10928,29.4,10174,25.87
Rice (Basmati),Chakan,12,Kharif,0,6722,3192,25.3,8741,28.32
Onion,Narayangaon,9,Zaid,0,11739,13927,7.2,5984,18.08
Pomegranate,Manchar,2,Monsoon,1,7495,7480,30.3,10307,26.24
Onion,Manchar,4,Monsoon,0,16045,14017,35.6,9192,22.76
Onion,Baramati,2,Rabi,0,13035,12938,31.8,6364,20.14
Onion,Junnar,7,Zaid,0,11814,14601,17.0,6898,18.45
Pomegranate,Manchar,1,Monsoon,0,8944,6848,29.4,7907,21.59
Grapes,Baramati,9,Rabi,0,5195,10874,9.5,4123,10.0
Rice (Basmati),Baramati,2,Monsoon,1,11639,4430,31.1,11545,32.67
Tomato,Junnar,2,Kharif,0,16268,14534,30.3,8017,15.22
Soybean,Hadapsar,3,Monsoon,0,5347,8382,30.9,5788,16.11
Tomato,Narayangaon,3,Zaid,0,12129,8717,34.0,9340,25.93
Pomegranate,Baramati,3,Monsoon,0,4754,7908,29.8,4818,15.36
Tomato,Junnar,4,Kharif,0,15468,9610,31.3,10137,25.79
Grapes,Baramati,10,Zaid,0,7713,5178,9.4,6903,22.59
Grapes,Baramati,10,Monsoon,1,10622,8236,12.7,9588,24.03
Grapes,Pune,7,Monsoon,0,3329,5252,15.5,6545,21.94
Grapes,Hadapsar,4,Rabi,0,8850,7339,31.0,9804,23.7
Wheat,Narayangaon,4,Kharif,0,5687,2655,28.2,6759,26.16
Tomato,Chakan,3,Monsoon,0,15898,12174,35.4,10600,22.64
Wheat,Narayangaon,12,Zaid,0,12384,8202,22.7,10495,23.44
Grapes,Manchar,3,Monsoon,0,6907,8953,33.4,6197,15.87
Onion,Pune,6,Kharif,1,19930,12750,20.7,13677,33.39
Potato,Chakan,9,Rabi,0,13781,13033,12.1,8132,12.65
Soybean,Baramati,4,Rabi,0,8098,5923,28.0,5900,19.97
Rice (Basmati),Chakan,2,Rabi,0,11279,6252,27.7,9518,24.9
Pomegranate,Chakan,9,Zaid,0,6582,8636,13.1,5119,14.72
Tomato,Baramati,4,Zaid,0,13534,11746,31.6,6862,17.67
Grapes,Junnar,2,Zaid,1,11429,3852,31.4,10242,31.59
Grapes,Manchar,7,Kharif,0,7535,3884,17.8,9216,28.0
Pomegranate,Narayangaon,8,Zaid,0,9870,5266,11.0,8881,25.42
Rice (Basmati),Hadapsar,4,Kharif,0,4080,11651,28.3,4096,10.0
Wheat,Baramati,2,Monsoon,1,10024,7303,31.6,10702,27.1
Tomato,Pune,1,Monsoon,0,13789,18065,28.4,5608,10.0
Onion,Baramati,8,Kharif,1,10137,13257,10.3,8802,25.32
Tomato,Baramati,7,Monsoon,1,13791,13310,19.2,11099,23.68
Potato,Pune,5,Monsoon,0,12306,11071,29.4,6944,13.81
Pomegranate,Chakan,12,Zaid,0,8565,4730,20.4,8887,26.23
Grapes,Junnar,12,Kharif,0,9214,9778,19.5,6250,14.71
Tomato,Baramati,4,Rabi,0,14946,14936,30.0,8184,14.87
Wheat,Baramati,11,Monsoon,0,9663,6431,21.7,8357,22.89
Onion,Chakan,10,Zaid,0,13342,14004,15.1,5006,16.5
Onion,Pune,2,Rabi,0,15421,14781,30.0,7731,19.42
Rice (Basmati),Chakan,10,Monsoon,0,7300,7874,17.6,7247,19.06
Grapes,Hadapsar,8,Rabi,0,9326,9434,13.7,5603,14.25
Potato,Pune,6,Monsoon,0,14811,13285,23.6,8517,12.85
Pomegranate,Junnar,3,Zaid,1,8618,10756,32.5,11822,23.6
Pomegranate,Manchar,3,Zaid,0,8657,8751,30.8,7316,17.85
Onion,Narayangaon,8,Kharif,0,14289,15026,13.8,7011,17.98
Onion,Chakan,9,Rabi,0,15866,16468,10.0,8893,18.64
Tomato,Baramati,4,Rabi,1,15625,14298,32.2,12083,23.68
Soybean,Chakan,7,Rabi,1,11454,5501,17.4,12864,33.04
Rice (Basmati),Manchar,5,Rabi,0,10333,5068,27.4,7777,24.06
Wheat,Hadapsar,3,Monsoon,0,9469,4017,32.0,7916,25.85
Grapes,Narayangaon,3,Zaid,0,10181,2948,32.9,8371,28.14
Wheat,Manchar,10,Rabi,0,8163,9766,11.5,6032,14.4
Tomato,Junnar,1,Rabi,0,16546,15706,25.2,7367,12.49
Grapes,Baramati,4,Monsoon,0,9700,8689,31.4,7322,17.95
Potato,Hadapsar,11,Kharif,0,18360,15337,15.8,7442,10.0
Soybean,Hadapsar,4,Kharif,0,8313,7330,29.7,7268,19.91
Pomegranate,Narayangaon,3,Kharif,1,7071,5635,33.5,9964,28.49
Tomato,Baramati,5,Rabi,0,13092,11116,24.9,5965,17.27
Tomato,Hadapsar,6,Monsoon,0,17106,18583,19.4,6172,10.0
Potato,Junnar,6,Zaid,0,15703,17725,24.3,6587,10.0
Soybean,Manchar,9,Kharif,1,9589,3364,12.6,10470,32.66
Potato,Chakan,9,Kharif,0,13383,12712,11.1,6998,11.43
Onion,Pune,7,Rabi,0,12968,13654,17.9,7784,21.19
Tomato,Junnar,6,Kharif,0,14835,11427,19.5,8448,20.53
Onion,Manchar,9,Rabi,0,14754,16298,10.3,8015,17.58
Pomegranate,Manchar,12,Zaid,0,6708,4502,21.0,6379,22.82
Grapes,Baramati,6,Zaid,0,7279,7779,22.6,6546,18.15
Onion,Pune,2,Kharif,0,12434,11195,33.2,7152,23.94
Pomegranate,Baramati,7,Kharif,0,7746,4307,15.9,7294,24.48
Soybean,Baramati,12,Kharif,0,10376,7842,23.5,7606,19.65
Soybean,Narayangaon,10,Monsoon,0,6713,9075,12.7,5559,14.73
Soybean,Hadapsar,12,Monsoon,0,12125,3831,22.0,11113,30.92
Soybean,Pune,7,Kharif,0,5875,7571,16.6,7065,19.24
Pomegranate,Chakan,5,Kharif,0,6952,3357,28.0,7538,26.27
Grapes,Chakan,12,Monsoon,1,8553,8330,19.8,9082,23.13
Grapes,Chakan,12,Monsoon,0,7086,5745,22.5,6652,21.36
Potato,Baramati,2,Kharif,0,15895,10465,34.5,7595,15.69
Tomato,Hadapsar,12,Zaid,1,14022,14243,20.2,10840,21.9
Wheat,Baramati,1,Monsoon,0,7551,5015,26.3,7949,24.4
Pomegranate,Junnar,5,Zaid,1,10916,5211,26.6,12103,32.34
Tomato,Chakan,12,Kharif,1,16719,14365,18.9,9950,20.38
Grapes,Baramati,5,Monsoon,0,10615,5557,26.2,8563,24.51
Soybean,Manchar,10,Rabi,0,7130,8376,13.7,6656,17.42
Tomato,Baramati,4,Kharif,1,13129,16215,29.6,10195,17.97
Pomegranate,Baramati,8,Rabi,0,7760,5953,13.5,6738,21.18
Wheat,Pune,11,Kharif,0,10100,4340,17.9,9637,27.95
Grapes,Manchar,9,Monsoon,0,7791,6078,12.1,8455,23.57
Rice (Basmati),Baramati,5,Zaid,0,8363,10773,24.8,6003,12.85
Potato,Narayangaon,4,Kharif,0,14845,15086,31.8,8612,10.29
Pomegranate,Junnar,12,Monsoon,0,6208,4173,22.7,7212,24.56
Soybean,Junnar,6,Rabi,1,9613,7015,21.6,9148,25.2
Tomato,Hadapsar,1,Zaid,0,11991,15400,27.2,4719,10.0
Grapes,Pune,1,Rabi,1,7030,8439,22.2,7839,21.1
Soybean,Manchar,10,Zaid,0,9659,5045,15.0,7775,24.09
Rice (Basmati),Chakan,11,Zaid,0,7872,5024,20.0,6932,22.86
Soybean,Hadapsar,5,Kharif,0,9842,5144,27.3,7779,23.95
Onion,Narayangaon,2,Monsoon,0,10696,11702,30.2,5781,21.12
Wheat,Pune,1,Monsoon,0,9024,6079,29.5,8943,24.3
Onion,Chakan,11,Kharif,0,16416,14083,18.9,8629,21.82
Wheat,Manchar,11,Kharif,1,8117,4638,13.6,10210,30.36
Tomato,Junnar,10,Kharif,0,11081,15332,15.1,7120,12.68
Wheat,Hadapsar,6,Zaid,0,5613,8798,24.0,4935,14.21
Wheat,Baramati,2,Monsoon,1,4361,4767,27.0,10486,30.58
Tomato,Manchar,4,Monsoon,0,12818,12473,28.4,7170,17.05
Soybean,Pune,1,Zaid,0,8099,6097,24.2,8624,23.79
Pomegranate,Chakan,11,Kharif,0,8214,9492,17.5,7596,17.16
Grapes,Pune,4,Kharif,0,7052,6464,31.8,6888,20.64
Wheat,Narayangaon,11,Rabi,0,5804,5595,13.4,6288,21.04
Rice (Basmati),Narayangaon,5,Rabi,0,2752,3448,27.0,6223,24.16
Rice (Basmati),Hadapsar,11,Zaid,0,13266,1986,16.0,10034,32.07
Pomegranate,Chakan,3,Rabi,1,6280,7892,36.1,9230,24.01
Rice (Basmati),Baramati,11,Zaid,0,8587,3542,16.0,8937,28.09
Rice (Basmati),Pune,3,Monsoon,0,10131,4914,35.4,8291,25.07
Soybean,Baramati,5,Kharif,0,11329,10405,25.8,5312,12.36
Grapes,Hadapsar,6,Zaid,0,8323,5513,21.0,7638,23.19
Grapes,Pune,3,Zaid,0,8434,5633,28.2,7605,22.96
Wheat,Manchar,11,Kharif,0,12165,3607,16.6,10458,30.28
Tomato,Chakan,5,Rabi,0,19221,10579,29.6,10897,25.48
Potato,Junnar,9,Monsoon,1,17332,12989,11.7,13040,22.08
Rice (Basmati),Junnar,7,Monsoon,1,8158,9199,19.9,10812,24.42
Wheat,Narayangaon,9,Monsoon,0,10894,6852,14.4,6862,20.01
Pomegranate,Hadapsar,8,Monsoon,1,10378,8271,14.0,11740,27.2
Soybean,Junnar,9,Rabi,0,4719,2419,11.6,6614,26.29
Potato,Manchar,12,Kharif,1,11213,14033,22.0,8458,13.64
Onion,Baramati,6,Monsoon,0,16963,16589,22.9,7469,16.32
Potato,Junnar,8,Rabi,0,15119,12645,13.7,9457,15.22
Grapes,Hadapsar,5,Zaid,0,6291,7338,27.0,7319,19.97
Grapes,Narayangaon,10,Monsoon,0,8419,5271,15.0,6813,22.31
Wheat,Hadapsar,8,Zaid,0,5689,6663,11.9,7166,20.75
Pomegranate,Junnar,2,Rabi,1,6071,8840,28.9,8563,21.58
Tomato,Narayangaon,10,Rabi,0,14344,13888,15.0,6704,14.22
Rice (Basmati),Baramati,11,Kharif,0,9457,5280,19.1,7535,23.38
Pomegranate,Chakan,3,Kharif,0,8370,7651,33.5,7163,19.27
Tomato,Junnar,10,Zaid,0,16931,16590,13.5,7993,12.1
Grapes,Pune,5,Monsoon,1,7124,6849,27.8,9670,26.23
Wheat,Pune,3,Zaid,0,10541,8077,32.4,6467,17.58
Wheat,Junnar,2,Monsoon,0,8785,8074,33.0,7665,19.39
Pomegranate,Hadapsar,2,Kharif,0,10549,8525,32.8,6293,16.65
Rice (Basmati),Baramati,8,Rabi,0,7343,8008,12.3,6372,17.55
Grapes,Manchar,10,Kharif,0,4949,3665,12.9,4241,20.86
Pomegranate,Manchar,1,Monsoon,0,7961,5843,27.0,7979,23.2
Grapes,Pune,4,Zaid,1,8242,10369,30.2,9378,20.51
Grapes,Junnar,5,Kharif,1,3677,7139,29.0,6978,21.76
Pomegranate,Baramati,3,Kharif,0,8742,9383,30.1,6016,14.95
Potato,Baramati,8,Zaid,0,15300,15089,11.9,7551,10.0
Wheat,Narayangaon,4,Rabi,1,8376,2516,33.2,12944,37.64
Soybean,Baramati,6,Kharif,0,9537,10120,19.7,5839,13.58
Rice (Basmati),Hadapsar,8,Monsoon,1,8877,3921,15.8,10476,31.83
Tomato,Junnar,9,Rabi,0,13330,18724,8.8,5899,10.0
Rice (Basmati),Narayangaon,5,Rabi,0,9683,4956,31.4,6492,22.3
Rice (Basmati),Junnar,3,Rabi,1,9907,6388,30.3,11449,29.59
Potato,Hadapsar,2,Zaid,0,13477,14275,30.6,9387,12.67
Soybean,Chakan,10,Rabi,0,7152,2457,11.9,8281,28.74
Grapes,Narayangaon,10,Rabi,0,8852,6548,12.1,8064,22.27
Soybean,Manchar,4,Zaid,0,10972,5949,31.3,9659,25.57
Rice (Basmati),Narayangaon,4,Kharif,0,10734,7083,30.8,6845,19.64
Soybean,Chakan,6,Kharif,0,9768,5956,22.0,8735,24.17
Tomato,Hadapsar,7,Kharif,0,14831,11819,18.6,6947,17.69
Rice (Basmati),Baramati,4,Kharif,0,5578,8327,30.7,4779,14.68
Potato,Pune,9,Kharif,0,15428,13026,8.9,10247,15.83
Potato,Hadapsar,3,Monsoon,1,13202,10174,31.6,12150,24.96
Wheat,Junnar,10,Monsoon,0,8818,3186,12.2,7545,26.54
Pomegranate,Manchar,12,Rabi,0,2792,6997,22.9,5422,17.64
Rice (Basmati),Baramati,2,Kharif,1,6096,7557,30.9,10224,26.0
Soybean,Baramati,7,Kharif,0,8695,5282,15.6,7928,23.97
Onion,Junnar,7,Rabi,0,16990,13094,19.2,7961,22.3
Wheat,Junnar,9,Kharif,1,9707,7091,10.9,11490,28.6
Potato,Manchar,9,Rabi,0,16411,11622,9.7,9220,16.4
Soybean,Chakan,7,Zaid,1,4503,6833,16.4,11052,28.33
Tomato,Baramati,4,Zaid,0,14232,14126,34.7,10565,19.66
Wheat,Pune,9,Zaid,1,10164,8989,13.6,10295,23.96
Pomegranate,Narayangaon,7,Kharif,1,9678,4957,15.9,10284,29.99
Grapes,Baramati,4,Kharif,1,10116,8844,31.9,10481,24.46
Tomato,Pune,3,Rabi,0,16391,15623,31.4,7798,13.26
Wheat,Chakan,8,Rabi,0,7879,7637,14.9,5859,17.33
Potato,Manchar,9,Kharif,1,15014,11849,13.4,11872,22.03
Rice (Basmati),Manchar,3,Zaid,0,7042,4343,33.4,7122,24.17
Potato,Pune,5,Monsoon,0,17223,18337,27.1,6748,10.0
Grapes,Hadapsar,11,Kharif,0,4955,9282,15.7,6731,16.17
Grapes,Chakan,1,Rabi,0,10475,3598,27.3,9070,28.21
Wheat,Manchar,7,Zaid,0,9343,8154,17.8,7123,18.45
Tomato,Pune,8,Rabi,0,15776,13597,10.7,8471,17.31
Wheat,Pune,1,Zaid,0,8347,4747,30.4,8034,24.93
Onion,Baramati,8,Rabi,0,15571,10833,13.1,8256,26.13
Wheat,Baramati,3,Monsoon,0,12092,8428,30.2,9763,22.0
Potato,Narayangaon,9,Kharif,0,16556,19809,16.3,5702,10.0
Potato,Manchar,3,Monsoon,0,16195,16750,31.0,7312,10.0
Tomato,Pune,4,Zaid,0,16144,13345,32.9,8120,17.16
Onion,Manchar,6,Kharif,0,13331,16429,22.7,6702,15.41
Wheat,Hadapsar,11,Kharif,0,11931,7849,15.1,9067,21.83
Pomegranate,Pune,5,Zaid,0,6054,1806,27.9,6530,27.09
Soybean,Narayangaon,7,Rabi,1,7732,482,18.8,11256,38.16
Potato,Narayangaon,6,Kharif,0,14213,17174,23.2,5947,10.0
Pomegranate,Pune,12,Monsoon,1,7159,9907,22.7,9786,21.82
Grapes,Narayangaon,8,Monsoon,0,8766,5301,13.3,5214,19.87
Soybean,Chakan,10,Kharif,0,4671,10565,12.4,4668,11.15
Wheat,Junnar,1,Zaid,0,7943,6116,30.0,7428,21.97
Wheat,Hadapsar,2,Zaid,0,7582,9670,30.5,6912,15.86
Onion,Junnar,9,Kharif,0,14015,14924,13.1,7735,19.22
Grapes,Narayangaon,1,Rabi,0,6523,3770,26.1,8511,27.11
Tomato,Manchar,5,Rabi,1,13980,8315,26.6,12060,32.62
Tomato,Hadapsar,5,Zaid,0,12926,15360,27.2,8307,14.42
Grapes,Manchar,1,Rabi,0,6581,3354,26.6,7318,25.95
Tomato,Narayangaon,12,Zaid,0,14708,12018,20.5,7579,18.34
Wheat,Chakan,9,Zaid,1,8762,8478,15.0,9444,23.45
Rice (Basmati),Narayangaon,2,Zaid,0,7282,6642,30.9,7222,20.87
Rice (Basmati),Hadapsar,7,Monsoon,1,5965,6581,18.5,10521,27.91
Onion,Pune,7,Kharif,1,17055,14301,15.2,13241,30.41
Rice (Basmati),Hadapsar,11,Monsoon,0,8700,7943,19.1,7918,19.96
Rice (Basmati),Pune,6,Monsoon,0,7225,4816,24.1,10567,28.63
Potato,Narayangaon,9,Kharif,0,14926,13004,10.2,7396,11.59
Soybean,Manchar,6,Monsoon,0,9327,7659,22.7,7467,19.71
Onion,Narayangaon,6,Zaid,0,13498,13266,23.4,8909,23.46
Pomegranate,Manchar,4,Zaid,0,7739,5512,30.3,8093,23.87
Onion,Manchar,1,Kharif,0,16198,15171,25.5,8010,19.26
Soybean,Pune,10,Rabi,1,9502,8060,11.1,10440,25.57
Rice (Basmati),Chakan,12,Kharif,0,5537,9769,19.8,4932,12.74
Soybean,Junnar,3,Kharif,0,8381,8853,29.9,7094,17.36
Onion,Hadapsar,11,Rabi,0,12489,14383,19.1,6966,18.87
Grapes,Baramati,10,Monsoon,0,12155,10053,13.0,6764,15.07
Pomegranate,Narayangaon,1,Monsoon,0,12376,7830,25.4,9335,22.26
Grapes,Hadapsar,12,Kharif,0,8926,3082,23.7,7413,26.5
Pomegranate,Junnar,4,Monsoon,1,6101,10087,29.7,8348,19.39
Pomegranate,Manchar,6,Kharif,1,8699,2588,22.2,11440,35.28
Grapes,Pune,8,Rabi,1,9341,5769,12.4,11650,30.82
Grapes,Hadapsar,6,Monsoon,1,9205,9105,22.0,9760,22.98
Pomegranate,Junnar,1,Zaid,0,10430,5006,23.4,9311,26.46
Soybean,Hadapsar,3,Rabi,0,9244,9822,32.8,7842,17.03
Potato,Chakan,5,Kharif,0,13668,13077,29.7,8343,12.9
Onion,Narayangaon,11,Kharif,0,16407,13898,16.6,8954,22.58
Rice (Basmati),Junnar,11,Kharif,1,9251,8713,15.8,10210,24.25
Potato,Hadapsar,2,Zaid,0,16117,13099,30.7,7240,11.21
Tomato,Chakan,9,Kharif,0,18217,14387,11.3,10249,18.79
Soybean,Baramati,6,Rabi,0,9275,6333,22.3,7409,21.61
Tomato,Junnar,11,Zaid,0,18812,12342,17.5,10540,22.3
Onion,Manchar,2,Kharif,1,13705,14047,29.8,10517,26.7
Potato,Manchar,4,Monsoon,0,15329,13234,27.9,8798,13.35
Grapes,Manchar,11,Zaid,0,10426,5241,15.8,7961,24.08
Tomato,Junnar,7,Kharif,0,13967,13009,16.6,6938,15.89
Onion,Junnar,12,Rabi,0,11540,12923,18.6,6276,20.03
Soybean,Chakan,8,Kharif,0,7237,5050,16.1,6241,21.79
Soybean,Baramati,5,Rabi,1,7174,4183,26.9,9766,30.37
Pomegranate,Chakan,12,Rabi,1,8473,3842,19.7,11254,33.12
Potato,Baramati,12,Rabi,1,15626,13406,25.1,10480,17.61
Rice (Basmati),Narayangaon,9,Rabi,0,11665,8535,13.0,8474,19.91
Pomegranate,Junnar,7,Zaid,0,8033,5620,21.2,7134,22.27
Wheat,Baramati,6,Zaid,0,8411,5844,22.7,6902,21.59
Potato,Pune,8,Kharif,1,15086,16862,13.5,11703,14.26
Grapes,Junnar,6,Monsoon,1,8191,6926,20.7,9797,26.31
Soybean,Baramati,5,Rabi,1,2852,5864,27.4,9210,27.02
Grapes,Junnar,8,Rabi,0,10436,5217,11.9,8379,24.74
Tomato,Chakan,5,Rabi,1,19959,19168,30.0,11761,15.89
Rice (Basmati),Junnar,10,Rabi,0,5361,4980,14.1,4985,20.01
Rice (Basmati),Pune,8,Rabi,0,9403,6954,14.2,9040,23.13
Rice (Basmati),Pune,12,Kharif,0,10744,8018,25.8,8012,19.99
Rice (Basmati),Narayangaon,2,Kharif,0,5564,8134,29.9,7811,19.52
Wheat,Junnar,5,Zaid,0,9446,5366,28.3,8926,25.34
Soybean,Pune,12,Kharif,1,8450,7714,19.5,10528,26.22
Potato,Chakan,7,Zaid,0,15557,9932,17.4,9458,19.29
Soybean,Manchar,6,Rabi,0,7136,10412,21.5,5262,12.28
Potato,Chakan,8,Kharif,0,17417,17757,11.1,8186,10.0
Wheat,Narayangaon,6,Zaid,0,3612,6732,21.5,6074,19.01
Rice (Basmati),Baramati,10,Monsoon,0,6373,1661,12.0,8932,30.91
Grapes,Chakan,12,Kharif,0,8038,7074,19.2,6876,19.7
Potato,Pune,8,Monsoon,0,13711,8513,13.9,9656,21.72
Soybean,Narayangaon,3,Zaid,0,7609,10197,31.2,6560,14.54
Pomegranate,Narayangaon,7,Zaid,0,6389,9030,15.7,5525,14.74
Grapes,Pune,2,Rabi,1,10037,7228,29.8,11257,28.04
Rice (Basmati),Pune,4,Rabi,0,9552,9930,27.0,8215,17.43
Grapes,Pune,11,Monsoon,0,8086,5859,20.8,7697,22.76
Soybean,Narayangaon,10,Kharif,1,7638,5734,12.9,10504,29.16
Rice (Basmati),Junnar,5,Monsoon,0,5151,7607,27.4,6044,17.66
Soybean,Baramati,3,Rabi,1,8870,5693,33.4,11630,30.91
Soybean,Hadapsar,6,Monsoon,1,4184,4349,21.2,11257,32.36
Soybean,Hadapsar,1,Kharif,0,9289,7265,26.5,7683,20.63
Potato,Hadapsar,8,Rabi,1,12844,11908,13.2,9714,18.71
Grapes,Hadapsar,6,Zaid,0,10401,5342,21.2,9711,26.55
Tomato,Junnar,5,Monsoon,1,15672,18393,26.9,9237,13.27
Wheat,Manchar,6,Zaid,0,8118,7617,21.3,7132,19.27
Soybean,Baramati,7,Zaid,0,8360,7719,16.6,6398,18.02
Wheat,Chakan,10,Monsoon,0,6726,1856,16.5,7777,28.88
Grapes,Narayangaon,5,Monsoon,0,8932,2114,26.1,8401,29.43
Soybean,Hadapsar,2,Zaid,0,6246,3713,26.1,6721,24.51
Rice (Basmati),Pune,3,Rabi,1,11980,7377,35.3,11076,27.55
Potato,Manchar,7,Kharif,0,15509,12570,11.3,8453,13.82
Pomegranate,Narayangaon,9,Kharif,1,8676,5874,14.5,10934,29.59
Potato,Pune,4,Zaid,0,13272,16699,32.7,6883,10.0
Grapes,Pune,4,Rabi,1,8147,5659,33.2,11649,30.98
Tomato,Chakan,9,Kharif,0,12414,14931,12.9,4616,10.0
Grapes,Pune,12,Rabi,0,10992,5310,20.3,8579,24.9
Tomato,Pune,3,Monsoon,0,14922,13344,29.8,7071,15.59
Grapes,Narayangaon,12,Kharif,0,4181,9796,22.1,4322,11.79
Grapes,Pune,12,Zaid,0,8194,5240,22.7,7631,23.59
Onion,Narayangaon,11,Zaid,0,15947,12831,18.7,6402,20.36
Soybean,Baramati,12,Kharif,1,6818,8138,23.3,8737,22.9
Rice (Basmati),Narayangaon,4,Monsoon,0,5116,8643,28.8,4232,13.38
Pomegranate,Hadapsar,4,Monsoon,1,7757,10920,31.7,10670,21.63
Rice (Basmati),Narayangaon,5,Monsoon,0,8200,8664,25.3,7955,18.94
Onion,Manchar,2,Kharif,1,11448,15819,29.4,9579,22.64
Grapes,Hadapsar,4,Rabi,0,6526,5583,31.3,6135,20.83
Wheat,Junnar,9,Monsoon,0,7249,9456,13.0,5367,13.87
Rice (Basmati),Manchar,10,Monsoon,0,9786,11074,12.5,7304,14.34
Rice (Basmati),Narayangaon,11,Monsoon,0,11079,9265,21.5,7663,17.6
Pomegranate,Hadapsar,11,Monsoon,1,10939,7239,18.3,10480,26.86
Onion,Narayangaon,8,Monsoon,0,16801,14628,15.7,7154,18.79
Tomato,Manchar,2,Kharif,0,11559,18069,32.5,4437,10.0
Rice (Basmati),Narayangaon,12,Rabi,0,10741,8238,22.6,6837,17.9
Wheat,Narayangaon,11,Zaid,0,7428,1213,16.6,9141,31.89
Wheat,Narayangaon,9,Rabi,0,5858,11279,9.4,5149,10.81
Potato,Narayangaon,9,Rabi,0,15771,16704,13.4,5190,10.0
Rice (Basmati),Narayangaon,8,Rabi,1,9762,8255,15.1,9931,24.51
Wheat,Narayangaon,6,Zaid,0,7531,6859,21.6,7498,20.96
Potato,Manchar,7,Zaid,0,16265,14225,17.4,7997,10.66
Tomato,Pune,6,Zaid,0,16365,12713,19.3,9655,20.41
Grapes,Junnar,11,Kharif,0,9168,1739,19.7,9372,31.45
Pomegranate,Manchar,2,Kharif,1,6919,3135,28.4,10765,33.44
Soybean,Chakan,7,Zaid,1,6409,6040,13.1,9357,26.97
Rice (Basmati),Junnar,1,Kharif,0,8543,9143,25.0,8093,18.43
Wheat,Chakan,5,Zaid,0,4845,7678,26.4,6964,18.93
Potato,Manchar,11,Kharif,1,17249,15326,16.8,9350,13.04
Rice (Basmati),Manchar,11,Zaid,0,10478,13211,15.0,5169,10.0
Rice (Basmati),Baramati,9,Monsoon,0,6499,6388,11.9,6519,20.2
Potato,Manchar,2,Zaid,0,18146,9478,28.7,10842,22.05
Potato,Chakan,4,Rabi,1,13601,16406,30.8,10216,12.71
Rice (Basmati),Pune,9,Kharif,0,10447,3563,14.9,8531,27.45
Grapes,Narayangaon,11,Monsoon,1,6961,5648,17.9,10167,28.78
Onion,Pune,6,Kharif,0,12499,13555,17.9,6247,19.04
Rice (Basmati),Hadapsar,8,Kharif,0,11167,3706,17.3,8576,27.31
Grapes,Junnar,9,Rabi,0,7406,5605,10.9,6515,21.36
Soybean,Hadapsar,2,Rabi,1,6323,5241,30.3,10034,29.19
Wheat,Chakan,6,Rabi,0,7757,5481,20.3,6431,21.42
Wheat,Chakan,11,Zaid,0,7460,5777,17.3,8271,23.74
Potato,Chakan,4,Kharif,0,17405,14293,30.6,7843,10.33
Wheat,Baramati,4,Rabi,0,9192,3956,28.7,6871,24.37
Wheat,Manchar,3,Kharif,0,9057,9703,33.7,6356,14.98
Wheat,Junnar,1,Zaid,0,11983,4420,25.9,9320,27.35
Potato,Junnar,11,Rabi,0,14413,9876,17.7,10011,20.2
Tomato,Narayangaon,8,Rabi,0,14886,15334,12.7,7320,12.98
Potato,Junnar,7,Monsoon,0,14970,12663,18.0,8753,14.14
Rice (Basmati),Chakan,10,Zaid,0,7777,4488,12.6,7351,24.3
Wheat,Hadapsar,3,Rabi,0,7312,7938,31.8,5151,15.82
Potato,Hadapsar,3,Kharif,0,15400,13521,30.7,7306,10.68
Rice (Basmati),Pune,7,Zaid,1,2702,9879,18.8,5384,15.26
Soybean,Pune,9,Rabi,0,4725,6799,12.6,5981,18.77
Onion,Manchar,11,Rabi,0,13076,14756,16.7,6385,17.44
Soybean,Junnar,9,Monsoon,0,7297,6646,12.1,7416,21.15
Soybean,Junnar,5,Kharif,0,5477,7768,25.1,6072,17.46
Pomegranate,Junnar,12,Zaid,0,10933,9676,21.1,8378,18.05
Onion,Manchar,6,Kharif,0,11945,9245,20.8,9083,29.76
Pomegranate,Baramati,12,Monsoon,0,8870,7689,20.4,7666,19.97
Potato,Manchar,7,Monsoon,1,15797,11429,15.0,11606,22.27
Wheat,Junnar,7,Rabi,1,6836,3565,16.6,12733,35.75
Pomegranate,Manchar,11,Rabi,0,7793,3402,21.2,9691,29.43
Onion,Chakan,8,Zaid,0,15662,17128,15.1,6049,13.38
Rice (Basmati),Pune,5,Rabi,0,7658,3843,28.2,7649,25.71
Wheat,Pune,12,Kharif,0,6379,2160,21.6,8224,29.1
Grapes,Hadapsar,11,Rabi,0,8411,3915,15.2,9568,28.48
Soybean,Hadapsar,3,Rabi,0,7913,2028,32.5,7578,28.33
Soybean,Narayangaon,3,Zaid,0,8642,6985,29.5,7648,20.99
Onion,Baramati,8,Zaid,0,19024,10077,12.0,10729,30.98
Tomato,Chakan,7,Zaid,0,12022,13735,15.6,5125,12.08
Tomato,Junnar,4,Zaid,1,12775,10924,28.9,9623,25.05
Tomato,Baramati,5,Zaid,0,15356,13854,25.3,8660,17.21
Tomato,Chakan,9,Rabi,0,14052,12586,12.0,8996,19.62
Wheat,Hadapsar,10,Monsoon,1,6440,9205,10.6,8399,20.79
Soybean,Junnar,5,Zaid,0,9732,5794,26.7,7983,23.28
Wheat,Baramati,7,Kharif,0,7850,7714,19.8,7637,19.88
Potato,Narayangaon,3,Rabi,0,17070,9950,33.6,9889,19.91
Soybean,Pune,4,Zaid,1,4984,3608,30.6,9183,30.36
Soybean,Chakan,8,Rabi,0,8517,7032,14.9,6866,19.75
Potato,Narayangaon,2,Monsoon,0,15663,13854,28.4,9339,13.23
Tomato,Manchar,8,Zaid,0,14280,11680,14.1,8520,20.26
Grapes,Chakan,10,Monsoon,0,10406,8439,15.0,7205,18.15
Tomato,Hadapsar,1,Kharif,0,12714,15550,26.9,6493,11.41
Soybean,Junnar,11,Kharif,0,7299,9125,17.7,5848,15.08
Rice (Basmati),Pune,2,Zaid,0,12970,7162,33.2,8888,22.59
Soybean,Chakan,4,Zaid,0,8946,8843,28.7,8332,19.23
Tomato,Baramati,8,Monsoon,0,16866,12943,15.5,10316,21.06
Soybean,Junnar,3,Rabi,1,9993,4676,30.0,11292,31.92
Grapes,Baramati,1,Kharif,1,5128,3210,27.6,7956,29.12
Grapes,Junnar,7,Zaid,0,6658,6177,15.8,4398,17.33
Rice (Basmati),Manchar,9,Monsoon,0,3146,4324,12.9,6839,23.77
Potato,Pune,10,Zaid,1,10963,13863,14.9,9104,14.86
Soybean,Chakan,9,Kharif,0,5182,5478,13.0,7109,22.45
Pomegranate,Hadapsar,6,Zaid,0,8643,6920,20.0,7200,20.42
Wheat,Hadapsar,2,Zaid,0,10911,8519,30.4,7355,18.25
Onion,Manchar,1,Kharif,0,15398,13915,28.4,9106,22.79
Grapes,Narayangaon,2,Rabi,0,6830,9014,27.3,6509,16.24
Onion,Pune,4,Rabi,0,14169,15119,32.9,7242,18.19
Pomegranate,Baramati,10,Zaid,0,5322,6899,12.0,5948,18.57
Wheat,Chakan,6,Zaid,1,3849,6285,21.7,8327,25.06
Tomato,Manchar,7,Kharif,1,15466,14612,15.1,9606,19.49
Onion,Chakan,2,Kharif,0,14815,10273,29.4,9264,28.49
Potato,Hadapsar,6,Monsoon,0,14317,13504,22.2,10165,14.99
Onion,Manchar,4,Rabi,0,15976,11330,29.6,8094,25.15
Rice (Basmati),Baramati,6,Rabi,0,6012,7550,20.3,6237,18.03
Onion,Manchar,1,Zaid,1,13641,11439,28.6,11475,32.05
Potato,Pune,5,Kharif,0,15064,16731,26.1,9340,10.0
Rice (Basmati),Narayangaon,3,Zaid,0,6432,11752,35.3,5258,10.26
Onion,Junnar,2,Zaid,0,12501,10730,27.9,9102,27.56
Pomegranate,Narayangaon,2,Rabi,1,6064,5724,29.4,8999,26.91
Onion,Chakan,12,Monsoon,0,18213,13904,20.2,9730,23.74
Potato,Narayangaon,10,Rabi,0,9839,14784,12.6,4187,10.0
Soybean,Junnar,10,Kharif,1,6321,9886,10.5,8785,20.35
Tomato,Pune,8,Kharif,1,12127,12050,12.3,11304,25.88
Tomato,Hadapsar,2,Monsoon,0,13063,15501,27.2,6128,10.94
Onion,Hadapsar,1,Rabi,0,16613,9471,27.4,9644,30.26
Rice (Basmati),Junnar,4,Rabi,0,11343,10899,30.4,6922,14.03
Potato,Junnar,12,Kharif,1,14947,11316,19.8,12463,23.72
Tomato,Narayangaon,5,Zaid,0,15286,15624,28.4,8010,13.58
Pomegranate,Chakan,11,Kharif,1,10387,5112,17.3,12193,32.62
Grapes,Baramati,8,Kharif,0,7261,6396,13.0,6368,19.96
Soybean,Hadapsar,7,Monsoon,0,12205,5859,16.3,8877,24.53
Grapes,Junnar,1,Rabi,0,6312,5860,22.3,7478,22.43
Onion,Manchar,12,Rabi,0,15085,14873,25.1,8576,20.55
Wheat,Narayangaon,5,Monsoon,0,5234,3548,25.0,6717,24.75
Onion,Baramati,4,Zaid,1,18816,13319,30.2,13625,32.46
Potato,Narayangaon,12,Kharif,0,12343,13472,18.9,7922,11.68
Soybean,Junnar,3,Rabi,0,10750,3758,33.6,8630,27.31
Rice (Basmati),Junnar,5,Kharif,0,7136,4682,30.3,7571,24.33
Tomato,Chakan,6,Monsoon,1,13242,16207,23.8,8359,15.23
Grapes,Baramati,7,Rabi,0,9160,7859,15.6,7279,19.13
Onion,Hadapsar,2,Rabi,0,15369,15723,29.0,8014,18.44
Rice (Basmati),Chakan,11,Zaid,0,6911,2788,15.6,7511,27.08
Wheat,Narayangaon,5,Monsoon,0,6890,9827,29.3,5830,14.0
Onion,Hadapsar,6,Kharif,0,11970,11497,23.5,7850,24.53
Rice (Basmati),Baramati,6,Monsoon,1,6804,6922,24.4,8446,24.29
Rice (Basmati),Manchar,5,Kharif,0,2591,4925,26.0,6192,21.9
Potato,Narayangaon,9,Monsoon,0,14947,14445,11.1,8966,11.78
Soybean,Manchar,7,Kharif,0,9340,6679,16.2,7472,21.19
Rice (Basmati),Narayangaon,4,Zaid,1,10580,3274,33.1,10701,33.14
Grapes,Baramati,5,Rabi,0,9414,13372,27.3,3928,10.0
Onion,Chakan,2,Kharif,0,13703,11439,28.8,7851,24.62
Onion,Pune,5,Rabi,0,13459,10425,27.4,9401,28.46
Onion,Junnar,12,Rabi,0,14791,14483,20.5,7753,19.9
Rice (Basmati),Junnar,10,Rabi,0,8442,3974,12.3,9611,28.45
Rice (Basmati),Hadapsar,5,Zaid,1,6098,7296,25.0,8618,23.98
Pomegranate,Junnar,8,Monsoon,0,6171,5060,13.0,8570,25.26
Potato,Baramati,10,Kharif,0,14274,8481,12.6,8859,20.57
Soybean,Manchar,4,Monsoon,0,10622,5939,32.4,8547,23.91
Grapes,Baramati,8,Zaid,0,8334,7543,14.5,6896,19.03
Wheat,Hadapsar,1,Zaid,0,9191,5025,26.7,8241,24.82
Potato,Manchar,3,Rabi,0,17424,12267,34.1,9103,15.25
Onion,Chakan,3,Rabi,0,17292,11557,35.1,7919,24.54
Rice (Basmati),Narayangaon,12,Rabi,1,6483,4074,24.9,9207,29.7
Tomato,Chakan,11,Monsoon,0,18369,16000,20.4,7867,12.8
Tomato,Baramati,7,Zaid,0,17141,16680,16.8,7464,11.18
Soybean,Chakan,11,Rabi,1,3658,5219,20.6,9195,27.96
Potato,Baramati,12,Rabi,1,13970,14109,21.9,11483,18.06
Tomato,Baramati,7,Kharif,0,14500,14297,17.4,8774,16.72
Pomegranate,Junnar,12,Monsoon,0,7463,1909,21.1,9206,30.95
Onion,Manchar,4,Monsoon,0,17283,12395,30.6,8990,24.89
Tomato,Hadapsar,7,Kharif,0,13457,10306,17.4,10160,24.78
Tomato,Baramati,1,Zaid,0,14773,13680,26.3,6529,14.27
Soybean,Manchar,11,Zaid,0,6061,6887,19.5,8332,22.17
Potato,Pune,4,Rabi,0,16793,13553,30.5,10147,14.89
Wheat,Junnar,8,Rabi,0,4517,5572,10.0,6740,21.75
Rice (Basmati),Chakan,1,Kharif,0,7203,9463,30.4,5657,14.29
Rice (Basmati),Manchar,7,Monsoon,0,7487,5155,18.6,5589,20.65
Pomegranate,Pune,1,Kharif,1,7359,6562,26.3,8333,24.66
Wheat,Chakan,1,Kharif,1,8649,1990,22.2,12707,38.07
Rice (Basmati),Baramati,6,Kharif,1,13023,6399,22.5,10769,28.56
Grapes,Hadapsar,2,Rabi,1,4858,9889,29.4,8481,19.89
Tomato,Pune,12,Kharif,1,17907,13304,18.3,13063,26.64
Wheat,Baramati,1,Kharif,0,4566,6581,21.2,6444,19.79
Grapes,Chakan,12,Rabi,0,7280,7811,23.6,6478,18.0
Onion,Junnar,4,Rabi,0,16074,9573,29.4,9935,30.54
Potato,Chakan,2,Kharif,0,16761,14740,32.1,7954,10.0
Onion,Chakan,6,Zaid,0,14736,12191,19.3,7157,22.45
Wheat,Narayangaon,5,Monsoon,0,5358,1191,27.6,7832,29.96
Wheat,Junnar,9,Zaid,1,7841,516,12.0,11732,38.82
Rice (Basmati),Narayangaon,3,Rabi,0,9918,7926,28.6,6843,18.38
Potato,Manchar,6,Rabi,0,14941,11580,20.6,7688,14.16
Onion,Baramati,10,Zaid,0,16818,11502,11.1,9306,26.71
Grapes,Baramati,8,Zaid,0,4360,5214,11.6,7540,23.49
Soybean,Baramati,9,Monsoon,0,5813,7745,13.3,4727,15.47
Onion,Pune,4,Rabi,0,17093,15401,32.5,7628,18.34
Potato,Baramati,10,Monsoon,0,16363,10616,14.8,9560,18.42
Tomato,Pune,8,Rabi,0,14599,9082,15.1,7311,22.34
Pomegranate,Hadapsar,8,Rabi,0,6692,6568,13.2,5124,17.83
Onion,Manchar,9,Zaid,0,12693,11387,9.8,7553,24.25
Tomato,Hadapsar,11,Rabi,0,15454,12690,18.2,9055,19.55
Tomato,Junnar,12,Kharif,1,18718,15955,25.4,9208,16.88
Pomegranate,Narayangaon,6,Rabi,0,4516,5135,19.8,6401,21.9
Soybean,Baramati,2,Zaid,0,8158,9135,28.7,6442,15.96
Pomegranate,Baramati,5,Zaid,1,6666,6995,25.8,9164,25.25
Rice (Basmati),Chakan,6,Kharif,1,10244,7424,20.8,11209,27.68
Tomato,Hadapsar,6,Kharif,0,12253,7468,22.9,9977,28.76
Potato,Pune,6,Rabi,0,14074,10019,22.5,8009,16.98
Potato,Pune,3,Zaid,0,13917,13321,34.2,7114,10.69
Wheat,Hadapsar,10,Kharif,1,10960,6027,14.7,11416,30.08
Pomegranate,Manchar,1,Zaid,0,10739,3785,29.5,10106,29.48
Wheat,Narayangaon,8,Kharif,0,7356,6772,15.3,7175,20.6
Pomegranate,Hadapsar,8,Monsoon,0,8453,5096,12.2,8548,25.18
Potato,Manchar,9,Zaid,0,18859,11987,9.6,9138,15.73
Grapes,Junnar,5,Monsoon,0,12928,7317,27.9,11221,25.86
Tomato,Junnar,10,Rabi,0,14010,12256,15.6,8224,18.95
Soybean,Manchar,12,Monsoon,0,6923,8982,24.2,4366,13.08
Soybean,Hadapsar,10,Kharif,0,10377,11123,15.0,7977,15.28
Pomegranate,Narayangaon,4,Kharif,0,8766,4488,28.4,8626,26.21
Grapes,Hadapsar,3,Rabi,0,10590,7861,33.7,8392,20.8
Wheat,Manchar,5,Monsoon,1,9797,3079,27.4,11914,35.25
Wheat,Hadapsar,9,Zaid,1,6599,8204,11.0,9312,23.66
Rice (Basmati),Pune,8,Zaid,1,9330,4588,14.2,11073,31.73
Pomegranate,Pune,2,Zaid,1,9763,6465,30.3,12218,30.63
Wheat,Junnar,1,Rabi,0,5350,7860,30.8,6256,17.59
Soybean,Baramati,1,Monsoon,0,6853,5809,29.7,6645,21.25
Soybean,Chakan,6,Monsoon,0,7025,9186,23.0,8129,18.41
Rice (Basmati),Baramati,12,Zaid,0,8846,-436,21.5,8581,33.52
Tomato,Hadapsar,2,Monsoon,0,18889,12636,29.7,9415,20.17
Potato,Baramati,2,Zaid,0,15569,14301,29.4,5001,10.0
Grapes,Junnar,12,Zaid,0,7770,4221,23.3,6503,23.42
Wheat,Baramati,2,Kharif,0,5330,3775,32.0,8044,26.4
Wheat,Narayangaon,2,Kharif,0,9638,6895,34.1,6952,20.09
Wheat,Hadapsar,8,Monsoon,1,6986,6050,13.7,11708,30.49
Onion,Baramati,3,Rabi,0,14492,11843,32.1,8348,24.76
Tomato,Chakan,7,Monsoon,0,15809,11219,18.8,9653,22.65
Soybean,Narayangaon,5,Rabi,0,8334,6596,29.6,6640,20.07
Grapes,Junnar,6,Rabi,0,7984,6895,21.4,8416,22.28
Potato,Baramati,10,Kharif,1,18460,9807,11.0,15273,30.2
Rice (Basmati),Baramati,8,Monsoon,0,7310,7723,14.7,5768,17.07
Wheat,Manchar,8,Rabi,0,7469,9091,12.2,6675,16.38
Pomegranate,Chakan,8,Monsoon,0,10292,-594,13.3,10189,36.17
Tomato,Pune,3,Kharif,0,16343,12068,29.3,9331,20.89
Rice (Basmati),Narayangaon,12,Kharif,1,4910,5152,22.8,10256,29.66
Pomegranate,Pune,11,Rabi,0,5071,9787,17.0,5270,13.22
Tomato,Pune,6,Rabi,1,14549,16973,23.3,11344,18.56
Soybean,Baramati,10,Kharif,0,8564,6068,14.1,7471,22.1
Pomegranate,Baramati,3,Rabi,0,7369,4147,32.5,6901,24.13
Tomato,Narayangaon,5,Zaid,0,14353,10604,27.4,8961,22.54
Onion,Chakan,6,Zaid,0,16305,9422,23.0,8640,28.83
Potato,Pune,4,Kharif,1,15043,11134,30.5,11327,22.29
Soybean,Chakan,6,Monsoon,1,8894,7471,21.2,10436,26.45
Pomegranate,Narayangaon,9,Zaid,0,8621,4981,9.9,7036,23.08
Onion,Manchar,3,Monsoon,0,15867,12229,31.0,8802,24.86
Potato,Manchar,10,Rabi,0,16333,14945,14.5,7921,10.0
Grapes,Junnar,12,Monsoon,0,10420,9256,19.7,6753,16.25
Pomegranate,Baramati,2,Monsoon,0,4046,9210,31.1,4808,13.4
Wheat,Junnar,11,Zaid,0,8244,5114,17.8,7631,23.77
Rice (Basmati),Hadapsar,4,Zaid,1,6374,7408,29.2,9990,25.87
Tomato,Pune,3,Kharif,0,14283,14624,30.5,7521,14.35
Potato,Baramati,5,Rabi,0,16537,11939,20.8,9162,15.83
Grapes,Pune,8,Monsoon,0,6263,6745,15.5,6226,19.22
Pomegranate,Pune,8,Monsoon,1,8784,4848,13.8,10247,30.1
Potato,Narayangaon,4,Kharif,0,16562,11084,31.2,10323,18.86
Wheat,Junnar,3,Monsoon,0,10309,6118,30.5,8437,23.48
Rice (Basmati),Pune,7,Kharif,0,8905,1042,19.7,9629,32.88
Soybean,Hadapsar,2,Zaid,0,8161,4853,32.0,7946,24.64
Grapes,Pune,3,Zaid,1,9270,12479,32.8,9010,16.8
Soybean,Hadapsar,11,Zaid,1,7599,3360,18.3,10017,31.99
Potato,Narayangaon,8,Rabi,0,16014,13357,10.5,7691,11.5
Tomato,Manchar,8,Zaid,1,16325,11174,13.2,11841,28.0
Grapes,Junnar,1,Zaid,0,9319,4490,27.6,8133,25.46
Grapes,Junnar,10,Zaid,0,7942,3179,14.7,8024,27.27
Onion,Manchar,2,Kharif,0,16738,10534,31.8,10155,29.43
Wheat,Manchar,7,Zaid,0,6331,2877,17.5,9270,29.59
Onion,Baramati,2,Monsoon,0,16371,13146,33.0,9136,23.99
Potato,Baramati,8,Rabi,0,15592,14482,13.4,6614,10.0
Grapes,Narayangaon,3,Kharif,1,10363,12359,33.7,10386,19.04
Potato,Manchar,5,Monsoon,1,12176,12903,30.9,10859,18.93
Onion,Pune,8,Zaid,0,12902,12494,13.7,8397,23.85
Onion,Narayangaon,7,Kharif,0,13637,15920,19.0,8053,18.2
Onion,Junnar,11,Rabi,0,16265,12315,15.5,10421,27.16
Onion,Chakan,6,Rabi,0,12974,9282,22.0,7748,27.7
Rice (Basmati),Hadapsar,8,Monsoon,0,9342,8009,12.6,6316,17.46
Pomegranate,Narayangaon,9,Kharif,1,6197,8008,10.4,8802,23.19
Grapes,Hadapsar,2,Rabi,1,6963,9813,32.3,8999,20.78
Potato,Baramati,10,Rabi,1,17702,16732,16.7,11367,13.95
Soybean,Chakan,2,Kharif,0,9306,8705,30.5,6253,16.32
Pomegranate,Junnar,11,Monsoon,0,7137,6240,17.5,7569,21.99
Grapes,Pune,10,Zaid,1,8006,9575,15.3,7930,19.53
Grapes,Narayangaon,9,Zaid,0,12411,9498,9.5,8902,19.11
Wheat,Pune,6,Monsoon,0,8082,10026,21.7,5616,13.39
Grapes,Hadapsar,1,Rabi,0,7500,5184,24.8,8481,24.95
Grapes,Junnar,8,Rabi,0,7411,10132,16.4,5844,13.57
Grapes,Manchar,5,Zaid,0,10463,2324,30.5,9363,30.56
Rice (Basmati),Pune,1,Monsoon,0,4324,8035,27.5,4757,15.08
Potato,Pune,1,Monsoon,0,14770,14917,25.7,7384,10.0
Tomato,Pune,11,Rabi,0,11739,13638,15.6,7126,15.23
Soybean,Manchar,4,Kharif,0,9466,3314,32.8,9280,28.95
Wheat,Baramati,7,Rabi,0,5859,8785,16.4,7199,17.62
Onion,Pune,9,Rabi,1,14052,13973,8.8,10218,26.37
Rice (Basmati),Junnar,2,Monsoon,1,8123,12265,28.2,9026,17.14
Soybean,Manchar,11,Kharif,0,9462,7846,18.4,9825,22.97
Tomato,Chakan,3,Zaid,0,16833,18643,30.3,8103,10.0
Onion,Manchar,8,Kharif,0,13070,14398,17.3,5090,16.04
Potato,Junnar,12,Rabi,0,17818,14080,23.0,8995,12.37
Soybean,Chakan,8,Monsoon,0,4656,4704,11.8,7120,23.62
Wheat,Baramati,7,Kharif,0,9398,5644,18.5,8930,24.93
Pomegranate,Manchar,10,Monsoon,0,5642,5951,14.6,4916,18.45
Grapes,Junnar,11,Rabi,1,11087,6713,20.5,13475,32.14
Tomato,Narayangaon,11,Kharif,0,16913,19312,17.0,7477,10.0
Pomegranate,Chakan,6,Monsoon,1,9254,5807,22.9,9750,27.91
Potato,Chakan,6,Monsoon,0,16778,10696,20.5,9571,18.31
Potato,Pune,4,Zaid,0,15967,16153,30.7,8346,10.0
Soybean,Manchar,12,Kharif,0,5122,9832,22.8,5019,12.78
Soybean,Narayangaon,4,Monsoon,1,6977,4571,31.0,10060,30.23
Pomegranate,Pune,1,Monsoon,0,7585,8788,27.2,5233,14.67
Rice (Basmati),Manchar,7,Kharif,1,5446,8871,13.6,8979,22.16
Potato,Narayangaon,5,Zaid,0,17697,15280,27.4,7044,10.0
Onion,Junnar,4,Zaid,0,15177,14079,31.2,8295,21.32
Wheat,Chakan,7,Rabi,0,7200,7840,16.3,5778,16.91
Onion,Junnar,9,Zaid,1,13553,13499,13.7,11825,29.49
Grapes,Pune,9,Kharif,0,8815,6540,14.1,8777,23.35
Grapes,Narayangaon,10,Monsoon,1,7644,1513,11.3,10728,35.82
Tomato,Manchar,11,Kharif,0,13468,10680,17.6,6910,19.35
Rice (Basmati),Baramati,4,Rabi,0,3879,9227,33.8,2788,10.34
Wheat,Pune,8,Monsoon,0,7675,5058,13.4,8356,24.95
Potato,Pune,2,Zaid,1,9232,13711,33.2,7656,12.92
Rice (Basmati),Narayangaon,11,Kharif,0,6219,2694,17.9,8300,28.41
Soybean,Junnar,12,Monsoon,1,7758,8769,23.3,9548,23.17
Soybean,Chakan,9,Kharif,0,9507,5072,12.3,8524,25.18
Pomegranate,Junnar,11,Rabi,0,8326,5454,21.1,8080,23.94
Tomato,Hadapsar,10,Monsoon,0,14550,11178,19.2,7393,19.32
Wheat,Manchar,4,Rabi,1,9063,11087,29.2,10966,21.82
Wheat,Junnar,1,Kharif,0,5204,9506,27.4,6068,14.84
Tomato,Narayangaon,12,Rabi,1,14946,17141,21.4,10347,16.81
Pomegranate,Hadapsar,4,Monsoon,1,9639,7560,28.7,10049,25.73
Soybean,Baramati,2,Zaid,0,6369,5498,31.9,5173,19.51
Tomato,Chakan,2,Kharif,0,15545,14544,33.0,7036,13.74
Onion,Pune,1,Monsoon,1,12328,15310,29.6,11926,26.92
Grapes,Pune,1,Zaid,1,10226,3767,28.2,9881,31.17
Wheat,Narayangaon,11,Rabi,0,10054,7999,20.2,8038,20.06
Potato,Pune,8,Kharif,1,16197,9188,12.0,14115,29.39
Tomato,Manchar,2,Rabi,1,15159,15397,32.1,10723,19.99
Wheat,Pune,9,Monsoon,0,8568,7144,10.4,7114,19.96
Grapes,Junnar,7,Monsoon,0,7455,9584,15.4,6295,15.07
Grapes,Hadapsar,1,Rabi,1,4980,5949,26.6,9748,27.7
Wheat,Hadapsar,4,Kharif,1,8350,4087,30.5,12246,34.24
Tomato,Narayangaon,5,Kharif,0,15951,9133,25.9,9386,25.38
Pomegranate,Baramati,9,Zaid,1,5989,4059,11.4,9877,30.73
Pomegranate,Narayangaon,9,Rabi,1,7306,8427,9.9,9822,24.09
Soybean,Chakan,8,Rabi,0,8522,6438,13.0,6990,20.83
Pomegranate,Hadapsar,1,Zaid,0,9228,7439,27.3,8622,21.78
Rice (Basmati),Narayangaon,6,Monsoon,0,7302,1605,20.7,8147,29.81
Tomato,Narayangaon,11,Monsoon,0,10152,10263,18.3,7786,21.28
Onion,Hadapsar,11,Rabi,1,14777,17105,16.3,9275,20.26
Grapes,Narayangaon,9,Zaid,0,13144,876,13.2,10438,34.34
Onion,Narayangaon,12,Kharif,0,16685,13558,24.7,7094,20.3
Rice (Basmati),Chakan,4,Monsoon,1,7290,3251,35.0,9816,31.85
Grapes,Baramati,10,Zaid,1,8206,6873,10.5,11023,28.22
Soybean,Chakan,7,Rabi,0,8405,7101,15.6,6606,19.26
Pomegranate,Hadapsar,9,Rabi,0,7064,4776,15.2,6889,23.17
Soybean,Manchar,2,Monsoon,0,5335,6273,34.4,6119,19.77
Rice (Basmati),Pune,1,Kharif,0,10317,6791,31.2,7861,21.6
Tomato,Chakan,2,Monsoon,0,16928,13450,29.1,6962,15.27
Pomegranate,Hadapsar,3,Monsoon,0,5372,8483,32.8,5963,16.22
Grapes,Manchar,5,Monsoon,1,6796,4917,25.3,9702,29.18
Soybean,Baramati,11,Monsoon,0,9361,6155,21.0,9038,24.32
Rice (Basmati),Hadapsar,9,Monsoon,0,9952,9999,10.7,6704,15.06
Wheat,Narayangaon,3,Monsoon,1,4042,5828,32.0,10456,28.94
Grapes,Hadapsar,10,Kharif,1,7347,6812,16.4,10277,27.2
Grapes,Manchar,11,Zaid,0,7660,10592,16.6,5867,12.91
Wheat,Baramati,11,Kharif,0,8336,632,20.5,8434,31.7
Grapes,Pune,7,Zaid,0,6748,6862,19.4,4395,16.3
Potato,Hadapsar,9,Monsoon,1,16471,13655,12.6,11781,19.19
Pomegranate,Hadapsar,7,Kharif,0,7546,6146,17.3,7903,22.64
Tomato,Narayangaon,3,Rabi,0,14159,13777,32.9,7113,15.0
Pomegranate,Chakan,9,Monsoon,0,6508,4846,13.5,6535,22.53
Pomegranate,Narayangaon,2,Zaid,0,7234,7854,30.2,5892,17.06
Wheat,Pune,6,Monsoon,1,7679,12752,19.9,7892,14.71
Soybean,Pune,10,Monsoon,0,5328,11839,12.3,5309,10.2
Wheat,Hadapsar,4,Kharif,1,11281,3546,33.6,11709,34.24
Tomato,Manchar,1,Kharif,0,15151,16122,26.9,7999,12.82
Grapes,Manchar,2,Monsoon,1,8796,5870,34.7,10988,29.68
Grapes,Hadapsar,8,Zaid,0,7994,5167,12.7,7273,23.16
Tomato,Baramati,7,Monsoon,1,16288,12032,17.4,12930,28.35
Pomegranate,Junnar,4,Zaid,0,9342,12757,30.6,6111,10.03
Soybean,Baramati,1,Kharif,0,5791,3578,27.9,8233,26.98
Pomegranate,Pune,6,Monsoon,0,6817,4061,26.2,7330,24.9
Onion,Hadapsar,7,Monsoon,0,14662,15422,17.2,5854,15.65
Soybean,Baramati,4,Zaid,0,9319,10916,32.7,6546,13.44
Onion,Narayangaon,1,Monsoon,0,12411,13290,27.6,7173,20.82
Soybean,Manchar,7,Zaid,0,9224,7495,20.0,8553,21.59
Rice (Basmati),Narayangaon,3,Zaid,0,6519,8662,32.3,6307,16.47
Soybean,Manchar,5,Kharif,0,5574,8310,28.7,5169,15.29
Pomegranate,Manchar,3,Zaid,0,6152,9014,31.5,5887,15.31
Onion,Baramati,7,Zaid,0,11637,12761,16.8,5207,18.67
Wheat,Chakan,3,Kharif,0,7890,4194,32.0,6419,23.34
Tomato,Baramati,12,Kharif,1,13545,15314,22.3,10569,19.88
Tomato,Pune,1,Rabi,0,13718,20561,24.4,5339,10.0
Pomegranate,Chakan,7,Monsoon,0,7702,7772,17.1,5629,16.79
Grapes,Pune,9,Zaid,0,6872,2765,14.5,7421,26.98
Soybean,Narayangaon,9,Zaid,0,5637,6576,14.4,8285,22.56
Tomato,Pune,4,Zaid,1,14200,11637,30.5,11802,27.25
Soybean,Pune,7,Monsoon,0,7423,8614,17.9,5591,15.46
Grapes,Narayangaon,9,Zaid,1,11232,8565,17.5,9370,23.21
Tomato,Baramati,9,Kharif,1,15379,15084,9.1,10005,19.38
Soybean,Junnar,10,Monsoon,1,6680,9205,12.6,10150,23.42
Grapes,Junnar,6,Kharif,0,7360,487,19.3,7691,30.81
Wheat,Narayangaon,7,Rabi,0,7242,8290,17.4,6076,16.68
Pomegranate,Pune,6,Kharif,0,8677,4019,22.0,6799,24.17
Tomato,Pune,8,Kharif,0,15111,14854,13.7,7029,13.26
Onion,Narayangaon,3,Kharif,0,15539,13282,33.0,9421,24.21
Grapes,Baramati,1,Kharif,0,9933,4809,23.2,8788,25.97
Pomegranate,Baramati,6,Monsoon,1,8214,5703,23.3,10495,29.19
Grapes,Baramati,1,Rabi,0,7219,6959,25.9,6183,18.84
Onion,Junnar,11,Monsoon,0,15904,12610,17.1,9277,25.0
Grapes,Hadapsar,10,Monsoon,0,9698,3314,14.7,8937,28.43
Wheat,Manchar,6,Zaid,0,4506,6737,18.7,3275,14.81
Potato,Chakan,11,Kharif,0,13078,14826,19.0,7823,10.0
Pomegranate,Baramati,1,Monsoon,0,7865,9479,26.8,3964,11.73
Rice (Basmati),Chakan,11,Rabi,0,6689,2227,14.9,7115,27.33
Soybean,Chakan,4,Kharif,0,7717,4393,34.3,8367,25.96
Potato,Junnar,1,Rabi,1,13806,9314,26.8,11763,25.67
Grapes,Manchar,12,Kharif,0,5794,8551,22.4,5332,15.17
Pomegranate,Manchar,6,Rabi,0,9324,3736,19.1,10475,30.11
Pomegranate,Hadapsar,12,Kharif,1,13855,4014,20.2,12772,35.14
Wheat,Narayangaon,8,Zaid,0,5237,2004,8.9,6975,27.46
Tomato,Baramati,3,Rabi,0,12523,15901,29.2,6060,10.24
Pomegranate,Chakan,12,Kharif,1,6686,4756,20.7,9861,29.66
Onion,Narayangaon,4,Kharif,0,12280,16569,31.6,7709,16.71
Pomegranate,Baramati,5,Kharif,0,3193,9981,28.3,2782,10.0
Tomato,Hadapsar,7,Monsoon,1,14847,13992,16.1,10851,22.29
Wheat,Pune,6,Kharif,1,9033,8669,20.0,8760,22.14
Pomegranate,Junnar,9,Monsoon,0,12183,6412,8.0,8275,22.8
Onion,Pune,12,Zaid,0,18343,11247,23.0,9876,27.94
Potato,Hadapsar,12,Zaid,0,11695,10900,24.2,7618,15.08
Soybean,Hadapsar,7,Kharif,1,9292,3752,19.5,11752,34.0
Tomato,Pune,5,Rabi,0,14769,15019,29.0,5787,11.15
Tomato,Baramati,5,Kharif,0,15507,11257,25.9,9672,22.62
Wheat,Pune,10,Kharif,0,8206,715,16.7,9510,33.19
Grapes,Hadapsar,3,Rabi,0,12176,8269,31.3,8187,19.88
Potato,Pune,6,Zaid,0,13898,13477,23.0,7057,10.37
Rice (Basmati),Pune,9,Kharif,1,7130,10101,8.8,8575,19.71
Wheat,Manchar,4,Zaid,0,8044,13443,30.9,6342,10.0
Rice (Basmati),Hadapsar,9,Kharif,0,8818,2795,9.1,9947,30.73
Pomegranate,Junnar,12,Zaid,1,7783,5554,19.7,10587,29.55
Onion,Manchar,4,Zaid,1,19610,12974,29.1,14338,34.05
Grapes,Pune,9,Kharif,0,3207,5949,13.2,4983,18.55
Tomato,Pune,12,Rabi,1,14050,16434,23.5,8815,15.57
Pomegranate,Chakan,2,Rabi,0,7430,8100,28.6,7101,18.5
Soybean,Junnar,6,Kharif,0,6116,5130,21.6,7745,23.92
Potato,Baramati,12,Kharif,1,13738,14183,20.3,11525,18.01
Grapes,Narayangaon,8,Monsoon,0,6149,5939,12.3,6766,21.24
Soybean,Narayangaon,3,Kharif,0,7778,5771,30.9,7534,22.64
Grapes,Narayangaon,9,Kharif,0,4732,5438,13.0,5371,19.9
Pomegranate,Manchar,4,Kharif,0,6571,6883,31.8,7292,20.61
Tomato,Baramati,4,Kharif,0,19404,12610,30.9,9562,20.43
Rice (Basmati),Hadapsar,1,Rabi,0,9724,3141,28.5,9337,29.29
Pomegranate,Hadapsar,8,Zaid,1,9499,6554,9.6,11035,28.72
Tomato,Junnar,8,Zaid,0,17929,18751,13.3,9262,10.77
Onion,Chakan,11,Kharif,0,16067,17702,15.7,7545,14.76
Potato,Baramati,11,Zaid,0,17404,13168,16.4,9495,14.49
Rice (Basmati),Pune,5,Kharif,0,11618,7902,25.8,9385,22.22
Grapes,Baramati,3,Zaid,1,7810,5667,31.4,8876,26.81
Soybean,Junnar,5,Zaid,0,7729,8431,27.1,6865,17.65
Potato,Pune,8,Monsoon,0,14675,11322,13.5,9211,16.83
Soybean,Manchar,4,Zaid,0,9412,7070,31.9,6543,19.21
Grapes,Baramati,5,Monsoon,0,7310,1820,24.7,8733,30.37
Wheat,Hadapsar,2,Rabi,0,8961,4318,30.2,7258,24.41
Tomato,Narayangaon,6,Kharif,1,14771,13869,20.5,10958,22.63
Pomegranate,Chakan,12,Kharif,0,5117,8567,20.4,5224,14.99
Pomegranate,Junnar,6,Kharif,1,8911,5959,23.5,9963,28.01
Rice (Basmati),Junnar,3,Kharif,0,7031,6385,32.0,7580,21.79
Potato,Manchar,6,Kharif,0,17655,19023,21.3,5922,10.0
Potato,Chakan,4,Kharif,0,13454,11323,32.1,8433,15.66
Wheat,Chakan,3,Rabi,0,5035,5560,28.6,6454,21.34
Tomato,Junnar,11,Zaid,0,15111,15028,17.9,9276,16.37
Potato,Manchar,12,Zaid,0,10935,10519,20.0,6969,14.68
Pomegranate,Baramati,6,Rabi,0,5780,8036,17.1,5100,15.6
Potato,Narayangaon,3,Zaid,0,15834,16418,32.0,8687,10.0
Pomegranate,Hadapsar,4,Kharif,0,9963,8174,30.6,5641,16.2
Onion,Narayangaon,7,Kharif,0,14546,15894,13.2,8490,18.89
Wheat,Baramati,10,Rabi,0,12584,11169,11.0,9265,17.14
Wheat,Pune,4,Rabi,0,12319,1846,29.7,10935,33.63
Potato,Narayangaon,5,Monsoon,0,13900,15491,27.4,6488,10.0
Potato,Baramati,7,Kharif,1,12032,9073,13.6,10197,23.69
Potato,Junnar,7,Kharif,0,14824,12975,18.8,7439,11.7
Wheat,Junnar,11,Monsoon,0,6737,6631,15.5,7066,20.65
Potato,Hadapsar,4,Rabi,0,13294,14906,32.0,6400,10.0
Potato,Hadapsar,8,Kharif,0,13187,16441,11.4,6203,10.0
Rice (Basmati),Hadapsar,6,Zaid,0,10780,3137,20.0,9039,28.85
Grapes,Baramati,10,Zaid,0,5951,5298,13.8,6289,21.49
Grapes,Chakan,6,Zaid,1,9594,4564,18.9,12029,33.2
Pomegranate,Baramati,12,Kharif,0,9777,10518,21.6,6409,13.84
Potato,Chakan,10,Zaid,1,12872,9086,14.3,12647,27.34
Potato,Chakan,11,Monsoon,0,10951,13008,16.0,7313,11.46
Soybean,Hadapsar,9,Rabi,0,6142,3665,11.3,6771,24.66
Soybean,Chakan,4,Zaid,1,8613,5123,29.4,11194,31.11
Onion,Pune,7,Monsoon,0,14182,13901,18.8,7964,21.09
Wheat,Chakan,12,Rabi,0,9891,4945,23.9,7514,23.85
Onion,Narayangaon,7,Zaid,0,12691,19146,15.4,6024,10.32
Wheat,Hadapsar,8,Zaid,1,10636,3105,12.5,12035,35.4
Pomegranate,Hadapsar,3,Rabi,0,8291,9895,31.9,5697,13.7
Onion,Narayangaon,10,Zaid,0,16548,15045,12.9,6359,16.97
Wheat,Chakan,6,Kharif,0,9030,7144,24.4,8134,21.49
Potato,Manchar,8,Monsoon,0,16713,12476,13.0,7926,13.18
Pomegranate,Chakan,5,Kharif,0,6976,7910,26.0,6052,17.21
Tomato,Narayangaon,2,Kharif,0,15880,9162,31.2,11335,28.26
Onion,Hadapsar,9,Zaid,0,16455,15615,11.7,8853,19.86
Potato,Pune,7,Zaid,1,13514,11570,14.4,10320,20.12
Rice (Basmati),Manchar,10,Zaid,0,7650,8493,12.4,6827,17.5
Wheat,Chakan,10,Rabi,1,8991,6190,10.7,10420,28.35
Onion,Hadapsar,2,Rabi,0,10865,12972,28.9,7565,21.89
Potato,Manchar,9,Monsoon,0,13242,14241,9.4,7947,10.56
Soybean,Manchar,11,Rabi,1,8044,5218,20.5,12583,33.05
Grapes,Hadapsar,4,Monsoon,0,9879,2655,29.0,10803,32.22
Soybean,Narayangaon,10,Kharif,0,8987,6155,12.9,8296,23.21
Tomato,Chakan,3,Rabi,1,13899,14774,30.4,11628,22.28
Potato,Manchar,11,Kharif,0,18600,13326,20.1,10655,15.99
Onion,Chakan,7,Zaid,0,13051,11545,16.1,7162,23.42
Rice (Basmati),Hadapsar,10,Monsoon,0,7454,8925,11.1,5685,15.14
Tomato,Manchar,8,Monsoon,0,16278,18004,16.2,6622,10.0
Tomato,Pune,9,Rabi,1,13423,16934,12.6,8625,14.54
Pomegranate,Baramati,5,Rabi,1,7078,7542,25.5,8346,23.21
Onion,Chakan,9,Rabi,1,14124,17239,8.0,9784,20.82
Soybean,Manchar,5,Zaid,1,10494,8670,30.8,10113,24.16
Potato,Hadapsar,5,Kharif,0,17583,12287,28.3,10232,16.92
Onion,Baramati,4,Kharif,1,14239,11458,30.6,9781,29.48
Potato,Narayangaon,12,Monsoon,0,16789,9333,21.1,12358,24.54
Tomato,Junnar,4,Rabi,1,12769,13460,31.3,10882,23.13
Onion,Chakan,8,Zaid,0,12636,14503,15.0,7308,19.21
Potato,Chakan,12,Kharif,0,15039,11494,23.2,9028,16.3
Potato,Hadapsar,8,Rabi,0,15968,14878,15.1,6909,10.0
Pomegranate,Hadapsar,12,Kharif,0,6967,3942,22.6,4930,21.48
Onion,Chakan,2,Rabi,0,11892,17416,32.1,5126,11.56
Potato,Narayangaon,12,Zaid,0,15795,11631,21.4,7426,13.69
Grapes,Hadapsar,3,Kharif,0,11325,5898,34.4,9241,25.02
Rice (Basmati),Narayangaon,2,Kharif,0,7956,8268,33.6,6509,17.36
Potato,Baramati,11,Monsoon,0,19286,12326,17.3,11173,18.27
Wheat,Manchar,3,Zaid,1,12346,731,34.9,14621,42.83
Wheat,Manchar,9,Monsoon,1,6581,6292,15.9,9498,26.81
Tomato,Junnar,2,Zaid,0,12927,11099,28.2,7842,20.11
Potato,Narayangaon,8,Zaid,0,15470,16603,15.8,8232,10.0
Rice (Basmati),Pune,12,Zaid,1,6557,7869,22.2,8573,23.06
Soybean,Chakan,8,Monsoon,1,9535,6496,15.5,13231,32.1
Pomegranate,Hadapsar,4,Rabi,0,8122,2444,28.8,6386,25.91
Potato,Baramati,3,Zaid,1,13162,12249,30.6,11979,21.59
Wheat,Manchar,12,Monsoon,1,10797,5501,23.8,10598,29.64
Rice (Basmati),Pune,6,Zaid,0,7958,2141,19.4,8203,29.09
Wheat,Junnar,11,Monsoon,0,6293,4826,15.0,8868,26.06
Rice (Basmati),Baramati,1,Rabi,1,5854,4522,28.1,9682,29.74
Tomato,Junnar,3,Zaid,1,15444,14456,32.9,10446,20.99
Soybean,Hadapsar,7,Kharif,1,9666,4924,18.7,8682,27.64
Soybean,Chakan,6,Zaid,0,7106,2177,22.2,8095,28.88
Rice (Basmati),Manchar,10,Rabi,0,8738,6811,15.2,8229,22.13
Pomegranate,Hadapsar,9,Rabi,1,7190,8252,10.4,7562,20.97
Tomato,Junnar,1,Kharif,1,19260,16151,27.4,12412,21.39
Potato,Chakan,6,Kharif,0,15581,13283,24.3,8095,12.22
Pomegranate,Hadapsar,12,Monsoon,0,4553,6197,19.9,5525,18.99
Wheat,Manchar,7,Kharif,0,7938,4040,17.6,9857,28.73
Rice (Basmati),Junnar,5,Monsoon,1,7562,4482,30.0,8842,28.54
Onion,Junnar,12,Kharif,0,17078,14825,18.6,9365,21.81
Soybean,Baramati,7,Monsoon,0,6859,6032,13.1,7801,22.65
Wheat,Chakan,7,Kharif,0,8940,6296,19.1,8336,23.06
Potato,Junnar,5,Rabi,0,12979,11928,26.9,8215,14.43
Grapes,Baramati,2,Rabi,1,8409,5262,29.7,9760,28.75
Wheat,Baramati,10,Rabi,1,7471,7414,9.5,7379,21.95
Pomegranate,Narayangaon,9,Kharif,0,9816,7616,12.0,7630,20.02
Pomegranate,Hadapsar,11,Kharif,0,3752,7534,21.3,5523,16.98
Onion,Hadapsar,10,Zaid,1,14932,16123,12.0,10347,23.34
Soybean,Pune,10,Monsoon,0,6379,1975,15.1,8116,29.21
Grapes,Manchar,12,Rabi,0,10404,6522,22.1,7939,22.13
Rice (Basmati),Pune,12,Rabi,0,10236,9497,18.8,6548,15.58
Potato,Chakan,3,Rabi,0,14396,15562,29.5,5252,10.0
Wheat,Hadapsar,9,Kharif,0,8918,5979,8.6,9391,25.12
Rice (Basmati),Chakan,12,Zaid,1,5985,6497,20.1,6731,22.35
Wheat,Junnar,10,Monsoon,1,8924,6464,13.2,10660,28.29
Potato,Baramati,10,Rabi,0,13976,13626,13.3,6212,10.0
Potato,Baramati,1,Monsoon,0,18206,11237,30.6,8895,16.49
Pomegranate,Hadapsar,7,Rabi,0,5758,665,19.5,6632,28.95
Grapes,Pune,1,Rabi,0,5833,8152,27.2,8156,20.01
Onion,Narayangaon,5,Zaid,1,15178,16524,28.4,10465,22.91
Tomato,Baramati,1,Monsoon,1,13947,10194,27.8,12187,29.99
Tomato,Pune,4,Monsoon,0,13335,12113,28.9,8546,19.65
Soybean,Baramati,8,Kharif,1,6542,6027,13.7,8994,26.45
Wheat,Chakan,7,Rabi,0,8050,4817,14.6,7791,24.46
Potato,Hadapsar,3,Kharif,0,12511,14625,30.6,6078,10.0
Potato,Manchar,10,Zaid,0,12844,11898,12.5,7561,13.49
Rice (Basmati),Manchar,12,Zaid,1,8845,5335,21.3,11225,30.84
Grapes,Pune,1,Zaid,0,8784,2372,28.2,8685,29.47
Rice (Basmati),Narayangaon,5,Kharif,0,6670,9535,25.9,6798,15.89
Rice (Basmati),Hadapsar,3,Zaid,0,11502,6421,32.5,8044,22.43
Rice (Basmati),Pune,6,Rabi,0,3935,3196,22.0,5484,23.43
Tomato,Narayangaon,3,Monsoon,0,15495,13476,33.8,8636,17.74
Grapes,Manchar,5,Kharif,0,7500,5706,29.2,6975,21.9
Grapes,Baramati,1,Kharif,0,4412,9208,23.3,5900,15.04
Rice (Basmati),Manchar,6,Monsoon,1,6504,7545,18.4,8017,22.71
Rice (Basmati),Manchar,8,Kharif,0,8359,5234,10.9,8856,25.43
Rice (Basmati),Hadapsar,8,Rabi,1,5312,4032,13.0,9939,30.86
Onion,Baramati,2,Kharif,1,13492,18360,29.7,8858,17.75
Tomato,Baramati,8,Zaid,0,13278,14088,10.2,6810,14.08
Onion,Manchar,6,Monsoon,0,13564,17773,25.9,6946,13.76
Pomegranate,Narayangaon,3,Zaid,0,7446,4821,29.5,6977,23.23
Tomato,Hadapsar,10,Kharif,0,16991,12054,15.6,10119,22.1
Wheat,Pune,4,Monsoon,0,5651,5557,29.7,7397,22.76
Wheat,Pune,9,Monsoon,0,9429,5916,13.4,8774,24.29
Potato,Chakan,8,Monsoon,0,15876,14314,17.8,5330,10.0
Soybean,Baramati,1,Kharif,0,6886,6582,29.3,7180,20.9
Grapes,Chakan,1,Rabi,0,7888,7133,25.8,6508,19.06
Pomegranate,Manchar,2,Rabi,1,8354,5464,33.3,10016,28.83
Wheat,Baramati,9,Zaid,0,6790,8506,13.1,5662,15.73
Rice (Basmati),Baramati,10,Monsoon,0,5672,5605,14.9,7317,22.57
Rice (Basmati),Baramati,2,Rabi,0,6732,3654,29.4,8165,26.77
Potato,Pune,11,Rabi,1,16322,14998,14.3,11166,16.25
Grapes,Chakan,7,Kharif,0,4931,10398,15.5,4327,10.89
Wheat,Baramati,12,Rabi,0,5230,4642,23.5,7430,24.18
Onion,Chakan,12,Monsoon,0,16001,15731,16.0,8592,19.29
Rice (Basmati),Chakan,4,Zaid,0,6926,9598,29.5,5973,14.56
Onion,Junnar,12,Kharif,0,15385,16361,17.2,8031,17.51
Tomato,Chakan,5,Zaid,1,14849,15440,28.3,10555,19.67
Grapes,Chakan,6,Zaid,0,4814,8393,24.0,6046,16.48
Wheat,Junnar,4,Monsoon,0,8044,9210,29.7,7618,17.61
Soybean,Hadapsar,7,Rabi,0,8737,2597,17.0,8299,28.55
Onion,Manchar,1,Rabi,0,14070,12555,26.4,6209,20.48
Potato,Manchar,10,Kharif,0,15046,15062,13.7,8810,10.62
Onion,Manchar,8,Zaid,0,16041,13081,11.3,9540,24.69
Potato,Junnar,5,Monsoon,1,15202,7303,23.7,12651,30.02
Rice (Basmati),Baramati,11,Kharif,1,8216,2154,17.6,10891,35.11
Soybean,Junnar,2,Monsoon,0,10047,8639,32.0,8210,19.36
Pomegranate,Narayangaon,5,Kharif,0,5623,11472,27.0,4026,10.0
Soybean,Junnar,5,Kharif,0,11110,6782,24.5,8491,22.56
Pomegranate,Narayangaon,7,Rabi,0,7420,-537,18.8,8090,32.94
Wheat,Junnar,3,Monsoon,0,12853,5064,36.2,9196,26.2
Rice (Basmati),Pune,6,Kharif,0,11422,8421,25.8,8398,19.97
Grapes,Baramati,10,Rabi,0,7758,10096,12.2,7258,15.74
Soybean,Baramati,10,Rabi,0,5767,11131,11.9,4981,10.77
Onion,Narayangaon,7,Kharif,0,17241,14682,14.2,9525,22.26
Rice (Basmati),Narayangaon,5,Kharif,0,9617,6015,29.5,8689,24.01
Soybean,Pune,12,Zaid,1,7486,7194,20.1,8839,24.47
Pomegranate,Manchar,5,Monsoon,0,7624,5618,25.8,6669,21.58
Potato,Hadapsar,3,Kharif,0,14209,12468,31.1,9929,16.19
Soybean,Chakan,5,Kharif,1,8873,7503,27.5,9882,25.57
Wheat,Chakan,1,Rabi,1,12210,3475,28.5,12800,35.99
Rice (Basmati),Manchar,2,Zaid,0,8773,9898,30.4,5883,13.98
Soybean,Chakan,6,Monsoon,0,9542,4817,23.1,10574,28.64
Wheat,Pune,8,Monsoon,1,7678,8269,12.8,10459,25.29
Tomato,Pune,10,Zaid,0,14835,15425,11.8,8675,14.88
Grapes,Baramati,11,Monsoon,0,5825,9624,19.2,6515,15.34
Grapes,Baramati,5,Rabi,1,2092,4896,25.7,7390,25.74
Soybean,Baramati,12,Zaid,0,10057,4640,19.7,7862,24.83
Potato,Chakan,9,Monsoon,0,15912,5888,14.0,12035,29.22
Soybean,Pune,3,Zaid,0,7814,7085,33.4,5918,18.25
Pomegranate,Junnar,7,Rabi,0,5497,4056,16.2,7019,24.45
Grapes,Hadapsar,4,Rabi,1,8853,9029,29.3,12162,26.7
Pomegranate,Baramati,2,Kharif,1,12939,3758,34.5,12414,34.98
Rice (Basmati),Hadapsar,6,Rabi,0,6651,8534,21.0,5913,16.07
Grapes,Narayangaon,2,Monsoon,1,4984,4825,33.3,8609,27.68
Tomato,Pune,10,Monsoon,0,17990,13409,13.0,9646,19.36
Wheat,Narayangaon,11,Rabi,0,7958,7186,16.3,7386,20.3
Grapes,Junnar,1,Zaid,0,7305,4098,25.4,8242,26.22
Grapes,Narayangaon,6,Rabi,0,9383,7372,17.4,6989,19.42
Soybean,Chakan,11,Monsoon,1,6070,2423,19.7,8648,31.34
Soybean,Junnar,7,Kharif,0,8242,11201,14.5,6268,12.6
Onion,Pune,10,Zaid,0,18592,14501,14.4,9619,22.68
Rice (Basmati),Narayangaon,12,Monsoon,0,7923,10329,25.9,6877,14.82
Potato,Narayangaon,4,Zaid,0,16343,9212,31.9,7532,17.48
Wheat,Junnar,8,Monsoon,0,12578,2092,14.9,9492,31.1
Grapes,Junnar,9,Rabi,0,6207,-1078,13.0,7039,32.18
Tomato,Junnar,10,Kharif,0,15405,9608,13.4,7857,22.37
Tomato,Manchar,9,Monsoon,1,14837,11028,12.3,10930,26.85
Soybean,Manchar,6,Rabi,0,8182,8471,18.4,8235,19.65
Grapes,Pune,5,Monsoon,0,7541,9421,27.8,6598,15.77
Pomegranate,Chakan,9,Kharif,0,5888,3875,10.2,7952,26.12
Grapes,Manchar,6,Rabi,0,8072,6071,19.8,7592,22.28
Grapes,Baramati,9,Monsoon,1,7019,2212,10.8,10939,35.09
Onion,Pune,5,Zaid,0,17578,10724,29.7,9757,28.55
Tomato,Manchar,3,Kharif,1,10509,13989,35.8,8654,19.0
Grapes,Pune,7,Monsoon,1,7279,8056,18.7,7983,21.89
Rice (Basmati),Chakan,6,Zaid,0,12541,6635,24.1,8009,22.06
Rice (Basmati),Manchar,12,Zaid,0,5272,7486,21.9,5074,16.38
Soybean,Hadapsar,11,Rabi,1,8071,7438,15.7,10128,26.04
Potato,Hadapsar,2,Zaid,1,13593,11576,28.0,11819,22.36
Grapes,Manchar,4,Rabi,0,6242,3036,31.5,7556,26.78
Onion,Hadapsar,9,Kharif,0,13562,11714,12.1,7636,23.88
Grapes,Junnar,9,Zaid,0,9888,4772,9.2,6727,22.93
Onion,Narayangaon,12,Monsoon,0,12991,16661,22.9,6006,14.02
Rice (Basmati),Hadapsar,1,Rabi,0,10985,6593,24.0,8913,23.48
Grapes,Manchar,11,Monsoon,0,10365,5976,13.1,8245,23.4
Tomato,Chakan,7,Rabi,0,12871,16880,15.4,6575,10.0
Grapes,Narayangaon,3,Rabi,1,4582,4017,30.6,9498,30.22
Potato,Manchar,4,Rabi,1,13664,18437,32.1,8038,10.0
Grapes,Hadapsar,7,Rabi,1,10958,6757,16.9,9798,26.56
Tomato,Hadapsar,2,Monsoon,0,16325,11443,28.6,9915,22.71
Wheat,Junnar,11,Zaid,1,8843,8519,17.2,10210,24.54
Pomegranate,Baramati,5,Rabi,0,10894,4848,23.9,7851,24.5
Grapes,Manchar,1,Zaid,1,5746,9087,26.5,9007,21.88
Rice (Basmati),Chakan,6,Kharif,0,9153,7998,23.1,6213,17.32
Onion,Baramati,7,Rabi,0,17379,12753,19.2,12219,29.2
Wheat,Manchar,10,Zaid,0,9295,6728,14.4,6555,19.74
Onion,Manchar,5,Kharif,0,17146,11367,28.9,10153,28.18
Potato,Manchar,3,Kharif,0,11501,9083,32.1,6728,16.47
Potato,Junnar,4,Rabi,0,14276,13971,30.6,8065,11.14
Soybean,Manchar,3,Kharif,1,7873,7707,34.2,9504,24.7
Rice (Basmati),Narayangaon,3,Zaid,0,8439,10680,33.1,6800,14.18
Rice (Basmati),Baramati,4,Monsoon,1,5941,5290,30.7,9748,28.69
Onion,Hadapsar,2,Rabi,1,13323,11644,30.2,7235,25.39
Rice (Basmati),Chakan,4,Zaid,0,9877,8398,34.3,7115,18.08
Rice (Basmati),Manchar,5,Rabi,0,12196,10311,26.8,6702,14.59
Potato,Chakan,12,Monsoon,1,16237,17139,24.1,8944,10.0
Soybean,Manchar,4,Monsoon,1,5737,8718,32.7,9331,22.92
Pomegranate,Junnar,9,Zaid,1,5320,9616,12.8,9671,22.08
Grapes,Baramati,3,Rabi,0,8392,4995,33.8,9128,26.2
Pomegranate,Narayangaon,11,Zaid,1,7655,2165,15.9,12203,37.06
Rice (Basmati),Chakan,8,Zaid,0,4615,6751,13.2,5364,17.92
Wheat,Pune,5,Monsoon,0,6757,6263,27.5,6127,19.8
Rice (Basmati),Chakan,8,Monsoon,0,8176,6147,12.4,7517,22.05
Tomato,Manchar,4,Rabi,1,14614,14713,29.9,9902,19.78
Tomato,Manchar,8,Monsoon,0,13716,9089,11.2,7901,23.22
Rice (Basmati),Baramati,2,Zaid,0,7620,6664,30.2,6568,19.86
Rice (Basmati),Junnar,7,Monsoon,0,4429,6534,19.6,6694,20.24
Rice (Basmati),Manchar,6,Monsoon,1,4220,9968,23.7,6736,17.15
Rice (Basmati),Narayangaon,6,Kharif,0,8835,5257,20.3,7642,23.58
Soybean,Chakan,10,Rabi,0,6726,7370,15.6,6183,18.22
Soybean,Junnar,3,Kharif,0,8387,6649,32.2,6722,20.11
Pomegranate,Junnar,6,Kharif,0,4181,8221,22.4,5015,15.19
Tomato,Pune,6,Monsoon,1,16673,16823,21.6,10548,17.59
Rice (Basmati),Chakan,12,Rabi,0,6333,4800,20.4,7285,23.73
Tomato,Baramati,10,Zaid,0,10793,17237,9.4,6110,10.0
Rice (Basmati),Chakan,10,Zaid,1,6842,4259,12.4,10693,31.65
Onion,Chakan,12,Rabi,0,15586,12155,23.9,9096,25.41
Rice (Basmati),Hadapsar,4,Kharif,0,8382,3626,30.3,9010,28.08
Onion,Pune,6,Monsoon,0,13000,18984,18.6,5005,10.0
Rice (Basmati),Pune,8,Kharif,0,6217,6674,12.0,6158,19.23
Grapes,Pune,7,Monsoon,0,5999,4362,14.6,6205,22.76
Wheat,Narayangaon,2,Kharif,0,5941,10438,29.3,4734,11.44
Wheat,Chakan,10,Rabi,1,5689,8313,16.4,10684,25.56
Grapes,Narayangaon,2,Monsoon,0,11418,7798,31.3,7763,19.95
Rice (Basmati),Narayangaon,11,Rabi,1,5360,5903,19.6,9316,27.12
Pomegranate,Junnar,7,Zaid,0,4775,8715,13.2,5925,15.81
Grapes,Junnar,7,Kharif,0,7956,8154,17.9,5966,16.72
Tomato,Hadapsar,8,Zaid,0,13001,12211,12.3,9943,21.6
Pomegranate,Manchar,9,Rabi,0,9546,8458,12.7,7846,19.08
